"plotID","Doses","Dolomite","ID","Replicates","plantID","germination","spanLong","spanShort","flower","weightAll","Dolomite_bin","realizedG","cover"
1,7,0,6,1,1,"y",46,29,"y",20,0,1,1047.7211499722
1,7,0,6,1,10,"y",46,33,"y",21,0,1,1192.23441203733
1,7,0,6,1,11,"n",NA,NA,NA,NA,0,0,NA
1,7,0,6,1,12,"n",NA,NA,NA,NA,0,0,NA
1,7,0,6,1,13,"y",47,32,"y",20,0,1,1181.23883774976
1,7,0,6,1,14,"y",44,32,"y",16,0,1,1105.84061406361
1,7,0,6,1,15,"y",53,28,"y",10,0,1,1165.53087448181
1,7,0,6,1,16,"y",50,22,"y",9,0,1,863.937979737193
1,7,0,6,1,17,"y",37,23,"y",10,0,1,668.373837051229
1,7,0,6,1,18,"y",56,11,"y",3,0,1,483.805268652828
1,7,0,6,1,19,"y",48,15,"y",18,0,1,565.486677646163
1,7,0,6,1,2,"n",NA,NA,NA,NA,0,0,NA
1,7,0,6,1,20,"y",52,23,"y",17,0,1,939.336203423348
1,7,0,6,1,21,"n",NA,NA,NA,NA,0,0,NA
1,7,0,6,1,22,"n",NA,NA,NA,NA,0,0,NA
1,7,0,6,1,23,"y",47,31,"n",19,0,1,1144.32512407008
1,7,0,6,1,24,"y",34,33,"y",9,0,1,881.216739331937
1,7,0,6,1,25,"y",48,23,"y",18,0,1,867.079572390783
1,7,0,6,1,26,"n",NA,NA,NA,NA,0,0,NA
1,7,0,6,1,27,"y",49,33,"y",8,0,1,1269.98883021367
1,7,0,6,1,28,"n",NA,NA,NA,NA,0,0,NA
1,7,0,6,1,29,"y",49,36,"y",16,0,1,1385.4423602331
1,7,0,6,1,3,"y",45,26,"y",23,0,1,918.915851175014
1,7,0,6,1,30,"n",NA,NA,NA,NA,0,0,NA
1,7,0,6,1,31,"y",51,35,"y",12,0,1,1401.93572166445
1,7,0,6,1,32,"n",NA,NA,NA,NA,0,0,NA
1,7,0,6,1,33,"y",44,28,"y",15,0,1,967.610537305656
1,7,0,6,1,34,"y",41,20,"y",5,0,1,644.026493985908
1,7,0,6,1,35,"y",35,25,"y",5,0,1,687.223392972767
1,7,0,6,1,36,"y",51,37,"y",24,0,1,1482.04633433098
1,7,0,6,1,37,"n",NA,NA,NA,NA,0,0,NA
1,7,0,6,1,38,"n",NA,NA,NA,NA,0,0,NA
1,7,0,6,1,39,"n",NA,NA,NA,NA,0,0,NA
1,7,0,6,1,4,"n",NA,NA,NA,NA,0,0,NA
1,7,0,6,1,5,"y",NA,NA,NA,NA,0,1,NA
1,7,0,6,1,6,"y",NA,NA,NA,NA,0,1,NA
1,7,0,6,1,7,"y",37,18,"y",4,0,1,523.075176822701
1,7,0,6,1,8,"y",43,20,"y",12,0,1,675.442420521806
1,7,0,6,1,9,"y",43,25,"y",14,0,1,844.303025652257
112,20,0,11,5,1,"y",60,58,"y",45,0,1,2733.18560862312
112,20,0,11,5,10,"y",52,45,"y",55,0,1,1837.83170235003
112,20,0,11,5,11,"y",59,43,"y",40,0,1,1992.55514053933
112,20,0,11,5,12,"n",NA,NA,NA,NA,0,0,NA
112,20,0,11,5,13,"n",NA,NA,NA,NA,0,0,NA
112,20,0,11,5,14,"n",NA,NA,NA,NA,0,0,NA
112,20,0,11,5,15,"y",45,41,"y",22,0,1,1449.05961146829
112,20,0,11,5,16,"y",61,37,"y",22,0,1,1772.64365478804
112,20,0,11,5,17,"y",56,34,"y",5,0,1,1495.39810310874
112,20,0,11,5,18,"n",NA,NA,NA,NA,0,0,NA
112,20,0,11,5,19,"y",NA,NA,NA,NA,0,1,NA
112,20,0,11,5,2,"n",NA,NA,NA,NA,0,0,NA
112,20,0,11,5,20,"n",NA,NA,NA,NA,0,0,NA
112,20,0,11,5,21,"n",NA,NA,NA,NA,0,0,NA
112,20,0,11,5,22,"n",NA,NA,NA,NA,0,0,NA
112,20,0,11,5,23,"y",NA,NA,NA,NA,0,1,NA
112,20,0,11,5,24,"n",NA,NA,NA,NA,0,0,NA
112,20,0,11,5,25,"n",NA,NA,NA,NA,0,0,NA
112,20,0,11,5,26,"n",NA,NA,NA,NA,0,0,NA
112,20,0,11,5,27,"n",NA,NA,NA,NA,0,0,NA
112,20,0,11,5,28,"y",62,51,"y",80,0,1,2483.42899266273
112,20,0,11,5,29,"y",NA,NA,NA,NA,0,1,NA
112,20,0,11,5,3,"n",NA,NA,NA,NA,0,0,NA
112,20,0,11,5,30,"y",49,44,"y",61,0,1,1693.3184402849
112,20,0,11,5,31,"n",NA,NA,NA,NA,0,0,NA
112,20,0,11,5,32,"y",62,36,"y",61,0,1,1753.0087007031
112,20,0,11,5,33,"y",61,38,"y",52,0,1,1820.55294275529
112,20,0,11,5,34,"n",NA,NA,NA,21,0,0,NA
112,20,0,11,5,35,"n",NA,NA,NA,NA,0,0,NA
112,20,0,11,5,36,"n",NA,NA,NA,NA,0,0,NA
112,20,0,11,5,37,"n",NA,NA,NA,NA,0,0,NA
112,20,0,11,5,38,"n",NA,NA,NA,NA,0,0,NA
112,20,0,11,5,39,"y",74,54,"y",94,0,1,3138.4510609362
112,20,0,11,5,4,"n",NA,NA,NA,NA,0,0,NA
112,20,0,11,5,5,"n",NA,NA,NA,NA,0,0,NA
112,20,0,11,5,6,"n",NA,NA,NA,NA,0,0,NA
112,20,0,11,5,7,"y",59,48,"y",15,0,1,2224.24759874157
112,20,0,11,5,8,"n",NA,NA,NA,NA,0,0,NA
112,20,0,11,5,9,"n",NA,NA,NA,NA,0,0,NA
12,0,0,1,1,1,"y",39,28,"y",10,0,1,857.654794430013
12,0,0,1,1,10,"y",39,38,"n",NA,0,1,1163.96007815502
12,0,0,1,1,11,"y",50,35,"y",11,0,1,1374.44678594553
12,0,0,1,1,12,"y",42,30,"y",26,0,1,989.601685880785
12,0,0,1,1,13,"y",45,39,"y",25,0,1,1378.37377676252
12,0,0,1,1,14,"y",55,40,"y",29,0,1,1727.87595947439
12,0,0,1,1,15,"y",38,29,"y",NA,0,1,865.508776063988
12,0,0,1,1,16,"y",47,39,"y",35,0,1,1439.63483350752
12,0,0,1,1,17,"n",NA,NA,NA,NA,0,0,NA
12,0,0,1,1,18,"y",NA,NA,NA,NA,0,1,NA
12,0,0,1,1,19,"y",46,37,"y",18,0,1,1336.74767410246
12,0,0,1,1,2,"y",58,49,"y",45,0,1,2232.10158037555
12,0,0,1,1,20,"y",50,33,"y",42,0,1,1295.90696960579
12,0,0,1,1,21,"n",NA,NA,NA,NA,0,0,NA
12,0,0,1,1,22,"n",NA,NA,NA,NA,0,0,NA
12,0,0,1,1,23,"y",NA,NA,NA,NA,0,1,NA
12,0,0,1,1,24,"y",48,40,"y",23,0,1,1507.9644737231
12,0,0,1,1,25,"y",51,44,"n",10,0,1,1762.43347866387
12,0,0,1,1,26,"y",40,31,"n",26,0,1,973.893722612836
12,0,0,1,1,27,"y",47,38,"y",31,0,1,1402.72111982784
12,0,0,1,1,28,"y",53,31,"y",13,0,1,1290.40918246201
12,0,0,1,1,29,"y",51,36,"y",25,0,1,1441.99102799772
12,0,0,1,1,3,"y",46,36,"y",4,0,1,1300.61935858617
12,0,0,1,1,30,"y",50,34,"y",5,0,1,1335.17687777566
12,0,0,1,1,31,"y",NA,NA,NA,NA,0,1,NA
12,0,0,1,1,32,"y",50,38,"y",5,0,1,1492.25651045515
12,0,0,1,1,33,"y",55,34,"y",27,0,1,1468.69456555323
12,0,0,1,1,34,"y",42,30,"y",25,0,1,989.601685880785
12,0,0,1,1,35,"n",NA,NA,NA,NA,0,0,NA
12,0,0,1,1,36,"n",NA,NA,NA,NA,0,0,NA
12,0,0,1,1,37,"n",NA,NA,NA,NA,0,0,NA
12,0,0,1,1,38,"y",53,37,"y",33,0,1,1540.1657984224
12,0,0,1,1,39,"y",49,46,"y",34,0,1,1770.28746029785
12,0,0,1,1,4,"n",NA,NA,NA,NA,0,0,NA
12,0,0,1,1,5,"n",NA,NA,NA,NA,0,0,NA
12,0,0,1,1,6,"n",NA,NA,NA,NA,0,0,NA
12,0,0,1,1,7,"y",58,37,"y",21,0,1,1685.46445865092
12,0,0,1,1,8,"y",45,32,"y",NA,0,1,1130.97335529233
12,0,0,1,1,9,"y",58,39,"y",42,0,1,1776.57064560503
13,5,0,5,1,1,"y",43,33,"y",19,0,1,1114.47999386098
13,5,0,5,1,10,"n",33,27,"n",NA,0,1,699.789763587126
13,5,0,5,1,11,"y",44,38,"y",34,0,1,1313.18572920053
13,5,0,5,1,12,"y",44,23,"y",5,0,1,794.822941358218
13,5,0,5,1,13,"n",65,44,"y",49,0,1,2246.2387473167
13,5,0,5,1,14,"y",45,25,"y",20,0,1,883.572933822129
13,5,0,5,1,15,"y",39,21,"y",4,0,1,643.24109582251
13,5,0,5,1,16,"y",49,38,"y",17,0,1,1462.41138024605
13,5,0,5,1,17,"y",33,19,"y",16,0,1,492.4446484502
13,5,0,5,1,18,"n",NA,NA,NA,NA,0,0,NA
13,5,0,5,1,19,"y",61,37,"y",15,0,1,1772.64365478804
13,5,0,5,1,2,"n",NA,NA,NA,NA,0,0,NA
13,5,0,5,1,20,"y",51,25,"y",8,0,1,1001.38265833175
13,5,0,5,1,21,"y",55,30,"y",24,0,1,1295.90696960579
13,5,0,5,1,22,"n",NA,NA,NA,NA,0,0,NA
13,5,0,5,1,23,"y",60,34,"y",36,0,1,1602.21225333079
13,5,0,5,1,24,"y",50,32,"y",26,0,1,1256.63706143592
13,5,0,5,1,25,"y",44,40,"y",31,0,1,1382.30076757951
13,5,0,5,1,26,"n",NA,NA,NA,NA,0,0,NA
13,5,0,5,1,27,"n",NA,NA,NA,NA,0,0,NA
13,5,0,5,1,28,"y",49,37,"y",4,0,1,1423.92687023957
13,5,0,5,1,29,"y",48,31,"y",19,0,1,1168.6724671354
13,5,0,5,1,3,"y",38,28,"y",NA,0,1,835.663645854885
13,5,0,5,1,30,"y",55,30,"y",25,0,1,1295.90696960579
13,5,0,5,1,31,"n",NA,NA,NA,NA,0,0,NA
13,5,0,5,1,32,"y",59,38,"y",29,0,1,1760.86268233708
13,5,0,5,1,33,"n",NA,NA,NA,NA,0,0,NA
13,5,0,5,1,34,"y",47,28,"y",16,0,1,1033.58398303104
13,5,0,5,1,35,"y",46,33,"y",23,0,1,1192.23441203733
13,5,0,5,1,36,"y",59,37,"y",19,0,1,1714.52419069663
13,5,0,5,1,37,"y",53,47,"y",4,0,1,1956.42682502304
13,5,0,5,1,38,"n",NA,NA,NA,NA,0,0,NA
13,5,0,5,1,39,"y",51,29,"y",19,0,1,1161.60388366483
13,5,0,5,1,4,"y",NA,NA,NA,NA,0,1,NA
13,5,0,5,1,5,"y",57,31,"y",31,0,1,1387.79855472329
13,5,0,5,1,6,"y",52,32,"y",19,0,1,1306.90254389335
13,5,0,5,1,7,"n",NA,NA,NA,NA,0,0,NA
13,5,0,5,1,8,"y",58,33,"y",13,0,1,1503.25208474272
13,5,0,5,1,9,"y",54,35,"y",26,0,1,1484.40252882118
14,0.4,0,2,1,1,"y",33,22,"y",6,0,1,570.199066626548
14,0.4,0,2,1,10,"n",NA,NA,NA,NA,0,0,NA
14,0.4,0,2,1,11,"y",25,9,"n",NA,0,1,176.714586764426
14,0.4,0,2,1,12,"y",43,21,"y",14,0,1,709.214541547896
14,0.4,0,2,1,13,"y",32,12,"y",6,0,1,301.59289474462
14,0.4,0,2,1,14,"y",39,31,"y",11,0,1,949.546379547515
14,0.4,0,2,1,15,"y",41,12,"y",4,0,1,386.415896391544
14,0.4,0,2,1,16,"y",47,25,"y",22,0,1,922.842841992002
14,0.4,0,2,1,17,"n",NA,NA,NA,19,0,0,NA
14,0.4,0,2,1,18,"y",30,23,"n",8,0,1,541.924732744239
14,0.4,0,2,1,19,"y",42,24,"y",17,0,1,791.681348704628
14,0.4,0,2,1,2,"y",22,6,"n",1,0,1,103.672557568463
14,0.4,0,2,1,20,"y",16,14,"n",1,0,1,175.929188601028
14,0.4,0,2,1,21,"y",37,24,"y",4,0,1,697.433569096934
14,0.4,0,2,1,22,"n",NA,NA,NA,NA,0,0,NA
14,0.4,0,2,1,23,"y",34,11,"y",NA,0,1,293.738913110646
14,0.4,0,2,1,24,"n",NA,NA,NA,NA,0,0,NA
14,0.4,0,2,1,25,"y",48,31,"y",22,0,1,1168.6724671354
14,0.4,0,2,1,26,"y",35,26,"y",11,0,1,714.712328691678
14,0.4,0,2,1,27,"y",39,38,"y",13,0,1,1163.96007815502
14,0.4,0,2,1,28,"y",25,16,"n",3,0,1,314.159265358979
14,0.4,0,2,1,29,"n",NA,NA,NA,NA,0,0,NA
14,0.4,0,2,1,3,"y",21,11,"n",5,0,1,181.426975744811
14,0.4,0,2,1,30,"y",30,16,"y",7,0,1,376.991118430775
14,0.4,0,2,1,31,"n",NA,NA,NA,NA,0,0,NA
14,0.4,0,2,1,32,"n",NA,NA,NA,NA,0,0,NA
14,0.4,0,2,1,33,"y",31,25,"y",8,0,1,608.683576633022
14,0.4,0,2,1,34,"y",19,13,"n",4,0,1,193.99334635917
14,0.4,0,2,1,35,"y",37,30,"y",10,0,1,871.791961371168
14,0.4,0,2,1,36,"y",35,26,"y",NA,0,1,714.712328691678
14,0.4,0,2,1,37,"y",40,22,"y",7,0,1,691.150383789755
14,0.4,0,2,1,38,"y",34,19,"y",7,0,1,507.367213554752
14,0.4,0,2,1,39,"y",34,27,"y",10,0,1,720.995513998858
14,0.4,0,2,1,4,"n",NA,NA,NA,NA,0,0,NA
14,0.4,0,2,1,5,"n",NA,NA,NA,NA,0,0,NA
14,0.4,0,2,1,6,"n",NA,NA,NA,NA,0,0,NA
14,0.4,0,2,1,7,"y",35,22,"y",22,0,1,604.756585816035
14,0.4,0,2,1,8,"y",25,14,"n",8,0,1,274.889357189107
14,0.4,0,2,1,9,"y",34,15,"n",7,0,1,400.553063332699
16,13,0,9,1,1,"y",41,38,"y",17,0,1,1223.65033857322
16,13,0,9,1,10,"y",50,46,"y",7,0,1,1806.41577581413
16,13,0,9,1,11,"y",61,48,"y",35,0,1,2299.64582242773
16,13,0,9,1,12,"y",62,58,"y",38,0,1,2824.29179557722
16,13,0,9,1,13,"y",48,44,"y",NA,0,1,1658.76092109541
16,13,0,9,1,14,"y",56,44,"y",NA,0,1,1935.22107461131
16,13,0,9,1,15,"y",47,33,"n",13,0,1,1218.15255142944
16,13,0,9,1,16,"y",66,45,"y",22,0,1,2332.63254529042
16,13,0,9,1,17,"n",NA,NA,NA,NA,0,0,NA
16,13,0,9,1,18,"n",NA,NA,NA,NA,0,0,NA
16,13,0,9,1,19,"y",62,43,"y",16,0,1,2093.8715036176
16,13,0,9,1,2,"y",55,38,"y",48,0,1,1641.48216150067
16,13,0,9,1,20,"y",42,40,"y",23,0,1,1319.46891450771
16,13,0,9,1,21,"n",NA,NA,NA,NA,0,0,NA
16,13,0,9,1,22,"y",60,53,"y",41,0,1,2497.56615960389
16,13,0,9,1,23,"y",41,36,"y",19,0,1,1159.24768917463
16,13,0,9,1,24,"y",52,30,"n",5,0,1,1225.22113490002
16,13,0,9,1,25,"y",52,47,"y",7,0,1,1919.51311134336
16,13,0,9,1,26,"y",69,46,"y",40,0,1,2492.8537706235
16,13,0,9,1,27,"y",55,47,"y",23,0,1,2030.2542523824
16,13,0,9,1,28,"y",62,45,"n",53,0,1,2191.26087587888
16,13,0,9,1,29,"y",56,43,"y",34,0,1,1891.23877746106
16,13,0,9,1,3,"y",66,44,"y",NA,0,1,2280.79626650619
16,13,0,9,1,30,"n",NA,NA,NA,10,0,0,NA
16,13,0,9,1,31,"y",61,48,"y",30,0,1,2299.64582242773
16,13,0,9,1,32,"y",53,45,"y",17,0,1,1873.17461970291
16,13,0,9,1,33,"y",63,42,"y",22,0,1,2078.16354034965
16,13,0,9,1,34,"y",69,33,"y",32,0,1,1788.35161805599
16,13,0,9,1,35,"y",63,33,"y",9,0,1,1632.8427817033
16,13,0,9,1,36,"y",62,34,"y",24,0,1,1655.61932844182
16,13,0,9,1,37,"y",59,43,"y",NA,0,1,1992.55514053933
16,13,0,9,1,38,"y",59,35,"y",NA,0,1,1621.84720741573
16,13,0,9,1,39,"y",63,42,"y",41,0,1,2078.16354034965
16,13,0,9,1,4,"y",63,39,"y",28,0,1,1929.72328746753
16,13,0,9,1,5,"n",NA,NA,NA,NA,0,0,NA
16,13,0,9,1,6,"y",60,49,"y",43,0,1,2309.0706003885
16,13,0,9,1,7,"n",NA,NA,NA,NA,0,0,NA
16,13,0,9,1,8,"y",51,47,"y",32,0,1,1882.59939766368
16,13,0,9,1,9,"y",49,39,"y",NA,0,1,1500.89589025252
17,9,0,7,1,1,"y",52,42,"y",45,0,1,1715.30958886003
17,9,0,7,1,10,"y",62,41,"y",24,0,1,1996.48213135631
17,9,0,7,1,11,"y",74,37,"y",26,0,1,2150.42017138221
17,9,0,7,1,12,"y",62,40,"y",23,0,1,1947.78744522567
17,9,0,7,1,13,"y",59,38,"y",25,0,1,1760.86268233708
17,9,0,7,1,14,"y",54,45,"n",26,0,1,1908.5175370558
17,9,0,7,1,15,"y",56,56,"y",37,0,1,2463.0086404144
17,9,0,7,1,16,"n",NA,NA,NA,NA,0,0,NA
17,9,0,7,1,17,"y",66,52,"y",30,0,1,2695.48649678004
17,9,0,7,1,18,"y",53,28,"y",17,0,1,1165.53087448181
17,9,0,7,1,19,"y",60,45,"y",NA,0,1,2120.57504117311
17,9,0,7,1,2,"y",48,28,"y",18,0,1,1055.57513160617
17,9,0,7,1,20,"y",55,40,"y",23,0,1,1727.87595947439
17,9,0,7,1,21,"y",52,47,"y",23,0,1,1919.51311134336
17,9,0,7,1,22,"y",31,24,"y",NA,0,1,584.336233567701
17,9,0,7,1,23,"n",NA,NA,NA,NA,0,0,NA
17,9,0,7,1,24,"n",NA,NA,NA,NA,0,0,NA
17,9,0,7,1,25,"n",NA,NA,NA,NA,0,0,NA
17,9,0,7,1,26,"y",69,53,"y",48,0,1,2872.20108354447
17,9,0,7,1,27,"y",NA,NA,NA,16,0,1,NA
17,9,0,7,1,28,"y",52,52,"y",61,0,1,2123.7166338267
17,9,0,7,1,29,"y",62,61,"y",55,0,1,2970.37585396915
17,9,0,7,1,3,"y",50,37,"y",24,0,1,1452.98660228528
17,9,0,7,1,30,"y",71,50,"y",22,0,1,2788.16348006094
17,9,0,7,1,31,"n",NA,NA,NA,NA,0,0,NA
17,9,0,7,1,32,"n",NA,NA,NA,NA,0,0,NA
17,9,0,7,1,33,"n",NA,NA,NA,NA,0,0,NA
17,9,0,7,1,34,"y",24,18,"n",16,0,1,339.292006587698
17,9,0,7,1,35,"y",66,60,"y",NA,0,1,3110.1767270539
17,9,0,7,1,36,"n",NA,NA,NA,NA,0,0,NA
17,9,0,7,1,37,"y",54,43,"y",NA,0,1,1823.69453540887
17,9,0,7,1,38,"y",53,31,"y",36,0,1,1290.40918246201
17,9,0,7,1,39,"y",43,40,"y",NA,0,1,1350.88484104361
17,9,0,7,1,4,"y",68,40,"y",23,0,1,2136.28300444106
17,9,0,7,1,5,"y",70,36,"y",NA,0,1,1979.20337176157
17,9,0,7,1,6,"y",63,40,"y",14,0,1,1979.20337176157
17,9,0,7,1,7,"y",60,31,"y",30,0,1,1460.84058391925
17,9,0,7,1,8,"y",72,45,"y",23,0,1,2544.69004940773
17,9,0,7,1,9,"y",59,32,"y",NA,0,1,1482.83173249438
2,20,0,11,1,1,"n",NA,NA,NA,NA,0,0,NA
2,20,0,11,1,10,"y",63,38,"y",33,0,1,1880.24320317349
2,20,0,11,1,11,"y",60,36,"y",33,0,1,1696.46003293849
2,20,0,11,1,12,"y",42,27,"y",5,0,1,890.641517292706
2,20,0,11,1,13,"y",56,32,"y",46,0,1,1407.43350880823
2,20,0,11,1,14,"y",75,70,"y",45,0,1,4123.3403578366
2,20,0,11,1,15,"y",70,60,"y",10,0,1,3298.67228626928
2,20,0,11,1,16,"y",53,25,"y",NA,0,1,1040.65256650162
2,20,0,11,1,17,"y",52,37,"y",24,0,1,1511.10606637669
2,20,0,11,1,18,"y",62,23,"y",16,0,1,1119.97778100476
2,20,0,11,1,19,"y",53,30,"y",6,0,1,1248.78307980194
2,20,0,11,1,2,"n",NA,NA,NA,5,0,0,NA
2,20,0,11,1,20,"y",64,25,"y",9,0,1,1256.63706143592
2,20,0,11,1,21,"y",73,40,"y",38,0,1,2293.36263712055
2,20,0,11,1,22,"y",60,26,"y",19,0,1,1225.22113490002
2,20,0,11,1,23,"y",65,31,"y",25,0,1,1582.57729924586
2,20,0,11,1,24,"y",69,37,"y",15,0,1,2005.12151115369
2,20,0,11,1,25,"y",55,28,"y",14,0,1,1209.51317163207
2,20,0,11,1,26,"y",62,33,"y",17,0,1,1606.92464231118
2,20,0,11,1,27,"n",NA,NA,NA,NA,0,0,NA
2,20,0,11,1,28,"y",68,45,"y",42,0,1,2403.31837999619
2,20,0,11,1,29,"y",62,52,"y",NA,0,1,2532.12367879337
2,20,0,11,1,3,"y",64,37,"y",50,0,1,1859.82285092516
2,20,0,11,1,30,"y",68,44,"y",26,0,1,2349.91130488517
2,20,0,11,1,31,"y",63,40,"y",21,0,1,1979.20337176157
2,20,0,11,1,32,"y",60,40,"y",NA,0,1,1884.95559215388
2,20,0,11,1,33,"y",62,41,"y",22,0,1,1996.48213135631
2,20,0,11,1,34,"y",54,41,"y",25,0,1,1738.87153376195
2,20,0,11,1,35,"y",50,36,"y",23,0,1,1413.71669411541
2,20,0,11,1,36,"y",53,23,"y",35,0,1,957.400361181489
2,20,0,11,1,37,"n",NA,NA,NA,NA,0,0,NA
2,20,0,11,1,38,"y",65,43,"y",33,0,1,2195.18786669587
2,20,0,11,1,39,"y",59,48,"y",41,0,1,2224.24759874157
2,20,0,11,1,4,"y",67,40,"y",35,0,1,2104.86707790516
2,20,0,11,1,5,"y",67,35,"y",33,0,1,1841.75869316702
2,20,0,11,1,6,"y",39,42,"y",4,0,1,1286.48219164502
2,20,0,11,1,7,"y",NA,NA,NA,NA,0,1,NA
2,20,0,11,1,8,"y",61,36,"y",23,0,1,1724.7343668208
2,20,0,11,1,9,"n",NA,NA,NA,NA,0,0,NA
23,30,0,12,1,1,"y",67,56,"y",36,0,1,2946.81390906723
23,30,0,12,1,10,"y",60,33,"y",33,0,1,1555.08836352695
23,30,0,12,1,11,"y",60,36,"y",46,0,1,1696.46003293849
23,30,0,12,1,12,"y",50,34,"y",1,0,1,1335.17687777566
23,30,0,12,1,13,"y",50,34,"y",24,0,1,1335.17687777566
23,30,0,12,1,14,"y",68,57,"y",18,0,1,3044.20328132851
23,30,0,12,1,15,"y",66,49,"y",23,0,1,2539.97766042735
23,30,0,12,1,16,"n",NA,NA,NA,NA,0,0,NA
23,30,0,12,1,17,"n",NA,NA,NA,NA,0,0,NA
23,30,0,12,1,18,"n",NA,NA,NA,NA,0,0,NA
23,30,0,12,1,19,"n",NA,NA,NA,NA,0,0,NA
23,30,0,12,1,2,"y",56,42,"y",NA,0,1,1847.2564803108
23,30,0,12,1,20,"y",72,46,"y",33,0,1,2601.23871717235
23,30,0,12,1,21,"y",85,55,"y",38,0,1,3671.73641388307
23,30,0,12,1,22,"y",63,47,"y",43,0,1,2325.56396181984
23,30,0,12,1,23,"y",68,46,"n",23,0,1,2456.72545510722
23,30,0,12,1,24,"y",67,48,"y",NA,0,1,2525.84049348619
23,30,0,12,1,25,"y",65,36,"y",23,0,1,1837.83170235003
23,30,0,12,1,26,"y",61,60,"y",60,0,1,2874.55727803466
23,30,0,12,1,27,"y",51,34,"y",27,0,1,1361.88041533118
23,30,0,12,1,28,"y",58,43,"y",NA,0,1,1958.78301951324
23,30,0,12,1,29,"y",57,42,"y",36,0,1,1880.24320317349
23,30,0,12,1,3,"y",56,31,"y",49,0,1,1363.45121165797
23,30,0,12,1,30,"n",NA,NA,NA,NA,0,0,NA
23,30,0,12,1,31,"n",NA,NA,NA,NA,0,0,NA
23,30,0,12,1,32,"y",NA,NA,NA,NA,0,1,NA
23,30,0,12,1,33,"n",NA,NA,NA,NA,0,0,NA
23,30,0,12,1,34,"y",64,45,"y",41,0,1,2261.94671058465
23,30,0,12,1,35,"y",63,54,"y",20,0,1,2671.92455187812
23,30,0,12,1,36,"y",66,34,"y",32,0,1,1762.43347866387
23,30,0,12,1,37,"y",59,39,"y",32,0,1,1807.20117397753
23,30,0,12,1,38,"y",57,40,"y",37,0,1,1790.70781254618
23,30,0,12,1,39,"y",59,49,"n",25,0,1,2270.58609038202
23,30,0,12,1,4,"y",56,30,"y",NA,0,1,1319.46891450771
23,30,0,12,1,5,"y",67,50,"y",24,0,1,2631.08384738145
23,30,0,12,1,6,"n",NA,NA,NA,NA,0,0,NA
23,30,0,12,1,7,"y",56,32,"y",21,0,1,1407.43350880823
23,30,0,12,1,8,"y",49,34,"y",27,0,1,1308.47334022015
23,30,0,12,1,9,"y",61,51,"y",NA,0,1,2443.37368632946
27,3,0,4,2,1,"y",31,22,"y",NA,0,1,535.64154743706
27,3,0,4,2,10,"y",42,22,"y",19,0,1,725.707902979242
27,3,0,4,2,11,"y",38,16,"y",5,0,1,477.522083345649
27,3,0,4,2,12,"y",48,34,"y",21,0,1,1281.76980266464
27,3,0,4,2,13,"n",NA,NA,NA,20,0,0,NA
27,3,0,4,2,14,"n",NA,NA,NA,NA,0,0,NA
27,3,0,4,2,15,"n",NA,NA,NA,NA,0,0,NA
27,3,0,4,2,16,"y",43,29,"y",36,0,1,979.391509756618
27,3,0,4,2,17,"y",40,22,"y",21,0,1,691.150383789755
27,3,0,4,2,18,"n",NA,NA,NA,NA,0,0,NA
27,3,0,4,2,19,"y",45,26,"y",NA,0,1,918.915851175014
27,3,0,4,2,2,"y",46,38,"y",42,0,1,1372.87598961874
27,3,0,4,2,20,"y",50,47,"y",NA,0,1,1845.685683984
27,3,0,4,2,21,"n",NA,NA,NA,NA,0,0,NA
27,3,0,4,2,22,"y",38,25,"y",9,0,1,746.128255227576
27,3,0,4,2,23,"y",NA,NA,NA,NA,0,1,NA
27,3,0,4,2,24,"y",43,30,"y",18,0,1,1013.16363078271
27,3,0,4,2,25,"y",38,23,"y",4,0,1,686.43799480937
27,3,0,4,2,26,"y",46,43,"y",31,0,1,1553.51756720015
27,3,0,4,2,27,"y",38,20,"y",19,0,1,596.902604182061
27,3,0,4,2,28,"y",47,23,"n",38,0,1,849.015414632642
27,3,0,4,2,29,"y",53,24,"y",23,0,1,999.026463841554
27,3,0,4,2,3,"y",46,32,"y",28,0,1,1156.10609652104
27,3,0,4,2,30,"y",39,19,"y",NA,0,1,581.980039077509
27,3,0,4,2,31,"y",34,18,"y",NA,0,1,480.663675999238
27,3,0,4,2,32,"y",43,33,"y",NA,0,1,1114.47999386098
27,3,0,4,2,33,"y",52,23,"y",32,0,1,939.336203423348
27,3,0,4,2,34,"y",45,25,"y",19,0,1,883.572933822129
27,3,0,4,2,35,"y",40,23,"y",10,0,1,722.566310325652
27,3,0,4,2,36,"y",48,21,"y",24,0,1,791.681348704628
27,3,0,4,2,37,"y",46,27,"y",15,0,1,975.464518939631
27,3,0,4,2,38,"y",48,13,"y",26,0,1,490.088453960008
27,3,0,4,2,39,"y",53,42,"y",50,0,1,1748.29631172272
27,3,0,4,2,4,"n",NA,NA,NA,NA,0,0,NA
27,3,0,4,2,5,"y",32,13,"y",47,0,1,326.725635973339
27,3,0,4,2,6,"y",44,33,"y",25,0,1,1140.39813325309
27,3,0,4,2,7,"y",41,38,"y",27,0,1,1223.65033857322
27,3,0,4,2,8,"n",NA,NA,NA,18,0,0,NA
27,3,0,4,2,9,"y",35,24,"y",17,0,1,659.734457253857
30,7,0,6,2,1,"y",50,42,"y",44,0,1,1649.33614313464
30,7,0,6,2,10,"y",50,35,"y",44,0,1,1374.44678594553
30,7,0,6,2,11,"y",43,22,"y",1,0,1,742.986662573986
30,7,0,6,2,12,"y",50,41,"y",40,0,1,1610.06623496477
30,7,0,6,2,13,"y",53,48,"y",36,0,1,1998.05292768311
30,7,0,6,2,14,"n",NA,NA,NA,NA,0,0,NA
30,7,0,6,2,15,"y",55,39,"y",52,0,1,1684.67906048753
30,7,0,6,2,16,"y",60,28,"y",22,0,1,1319.46891450771
30,7,0,6,2,17,"y",51,28,"y",12,0,1,1121.54857733156
30,7,0,6,2,18,"y",53,23,"y",NA,0,1,957.400361181489
30,7,0,6,2,19,"n",NA,NA,NA,NA,0,0,NA
30,7,0,6,2,2,"y",49,42,"y",32,0,1,1616.34942027195
30,7,0,6,2,20,"y",50,34,"y",5,0,1,1335.17687777566
30,7,0,6,2,21,"y",56,37,"y",37,0,1,1627.34499455951
30,7,0,6,2,22,"y",54,38,"y",30,0,1,1611.63703129156
30,7,0,6,2,23,"y",49,33,"y",18,0,1,1269.98883021367
30,7,0,6,2,24,"y",51,36,"y",35,0,1,1441.99102799772
30,7,0,6,2,25,"y",41,37,"y",33,0,1,1191.44901387393
30,7,0,6,2,26,"n",NA,NA,NA,NA,0,0,NA
30,7,0,6,2,27,"y",54,49,"y",50,0,1,2078.16354034965
30,7,0,6,2,28,"y",49,38,"y",32,0,1,1462.41138024605
30,7,0,6,2,29,"n",NA,NA,NA,NA,0,0,NA
30,7,0,6,2,3,"y",56,38,"y",38,0,1,1671.32729170977
30,7,0,6,2,30,"n",NA,NA,NA,NA,0,0,NA
30,7,0,6,2,31,"n",NA,NA,NA,NA,0,0,NA
30,7,0,6,2,32,"n",NA,NA,NA,NA,0,0,NA
30,7,0,6,2,33,"y",49,36,"y",21,0,1,1385.4423602331
30,7,0,6,2,34,"y",50,27,"y",23,0,1,1060.28752058656
30,7,0,6,2,35,"n",NA,NA,NA,NA,0,0,NA
30,7,0,6,2,36,"y",47,40,"y",24,0,1,1476.5485471872
30,7,0,6,2,37,"n",NA,NA,NA,NA,0,0,NA
30,7,0,6,2,38,"y",62,48,"y",58,0,1,2337.34493427081
30,7,0,6,2,39,"n",NA,NA,NA,NA,0,0,NA
30,7,0,6,2,4,"y",54,40,"y",7,0,1,1696.46003293849
30,7,0,6,2,5,"y",54,37,"y",21,0,1,1569.2255304681
30,7,0,6,2,6,"n",NA,NA,NA,NA,0,0,NA
30,7,0,6,2,7,"y",61,45,"y",26,0,1,2155.917958526
30,7,0,6,2,8,"y",47,28,"y",32,0,1,1033.58398303104
30,7,0,6,2,9,"y",55,37,"y",22,0,1,1598.28526251381
33,0.4,0,2,2,1,"y",26,23,"y",NA,0,1,469.668101711674
33,0.4,0,2,2,10,"n",38,26,"y",NA,0,1,775.973385436679
33,0.4,0,2,2,11,"y",38,30,"n",26,0,1,895.353906273091
33,0.4,0,2,2,12,"y",44,31,"y",NA,0,1,1071.28309487412
33,0.4,0,2,2,13,"y",36,28,"y",21,0,1,791.681348704628
33,0.4,0,2,2,14,"y",45,40,"y",40,0,1,1413.71669411541
33,0.4,0,2,2,15,"n",NA,NA,NA,NA,0,0,NA
33,0.4,0,2,2,16,"y",50,33,"y",32,0,1,1295.90696960579
33,0.4,0,2,2,17,"y",45,29,"y",20,0,1,1024.94460323367
33,0.4,0,2,2,18,"y",46,26,"y",12,0,1,939.336203423348
33,0.4,0,2,2,19,"y",47,30,"y",28,0,1,1107.4114103904
33,0.4,0,2,2,2,"n",NA,NA,NA,NA,0,0,NA
33,0.4,0,2,2,20,"y",40,29,"y",29,0,1,911.06186954104
33,0.4,0,2,2,21,"n",NA,NA,NA,NA,0,0,NA
33,0.4,0,2,2,22,"y",50,30,"y",11,0,1,1178.09724509617
33,0.4,0,2,2,23,"y",44,34,"y",NA,0,1,1174.95565244258
33,0.4,0,2,2,24,"n",NA,NA,NA,NA,0,0,NA
33,0.4,0,2,2,25,"y",48,46,"y",38,0,1,1734.15914478157
33,0.4,0,2,2,26,"n",NA,NA,NA,NA,0,0,NA
33,0.4,0,2,2,27,"y",47,32,"y",24,0,1,1181.23883774976
33,0.4,0,2,2,28,"y",38,23,"y",15,0,1,686.43799480937
33,0.4,0,2,2,29,"y",44,34,"y",8,0,1,1174.95565244258
33,0.4,0,2,2,3,"y",45,45,"y",32,0,1,1590.43128087983
33,0.4,0,2,2,30,"n",NA,NA,NA,NA,0,0,NA
33,0.4,0,2,2,31,"y",48,36,"y",31,0,1,1357.16802635079
33,0.4,0,2,2,32,"y",47,28,"n",NA,0,1,1033.58398303104
33,0.4,0,2,2,33,"y",48,21,"y",17,0,1,791.681348704628
33,0.4,0,2,2,34,"n",NA,NA,NA,NA,0,0,NA
33,0.4,0,2,2,35,"y",36,33,"y",NA,0,1,933.053018116169
33,0.4,0,2,2,36,"y",51,27,"y",14,0,1,1081.49327099829
33,0.4,0,2,2,37,"y",51,38,"y",26,0,1,1522.10164066425
33,0.4,0,2,2,38,"y",56,45,"y",47,0,1,1979.20337176157
33,0.4,0,2,2,39,"n",NA,NA,NA,NA,0,0,NA
33,0.4,0,2,2,4,"y",43,34,"y",NA,0,1,1148.25211488707
33,0.4,0,2,2,5,"y",50,38,"y",37,0,1,1492.25651045515
33,0.4,0,2,2,6,"n",NA,NA,NA,NA,0,0,NA
33,0.4,0,2,2,7,"y",38,28,"y",15,0,1,835.663645854885
33,0.4,0,2,2,8,"y",46,32,"y",22,0,1,1156.10609652104
33,0.4,0,2,2,9,"y",43,29,"y",26,0,1,979.391509756618
35,15,0,10,2,1,"n",NA,NA,NA,NA,0,0,NA
35,15,0,10,2,10,"y",53,47,"y",30,0,1,1956.42682502304
35,15,0,10,2,11,"y",68,45,"y",39,0,1,2403.31837999619
35,15,0,10,2,12,"y",66,44,"y",60,0,1,2280.79626650619
35,15,0,10,2,13,"n",NA,NA,NA,NA,0,0,NA
35,15,0,10,2,14,"n",NA,NA,NA,NA,0,0,NA
35,15,0,10,2,15,"y",61,57,"y",16,0,1,2730.82941413293
35,15,0,10,2,16,"n",NA,NA,NA,NA,0,0,NA
35,15,0,10,2,17,"n",NA,NA,NA,NA,0,0,NA
35,15,0,10,2,18,"y",57,40,"y",45,0,1,1790.70781254618
35,15,0,10,2,19,"n",NA,NA,NA,NA,0,0,NA
35,15,0,10,2,2,"y",69,49,"y",48,0,1,2655.43119044677
35,15,0,10,2,20,"y",61,49,"y",32,0,1,2347.55511039497
35,15,0,10,2,21,"y",42,28,"n",30,0,1,923.628240155399
35,15,0,10,2,22,"y",70,44,"y",48,0,1,2419.02634326414
35,15,0,10,2,23,"y",69,48,"y",11,0,1,2601.23871717235
35,15,0,10,2,24,"y",68,50,"y",43,0,1,2670.35375555132
35,15,0,10,2,25,"n",NA,NA,NA,NA,0,0,NA
35,15,0,10,2,26,"y",58,30,"y",15,0,1,1366.59280431156
35,15,0,10,2,27,"y",63,48,"y",18,0,1,2375.04404611388
35,15,0,10,2,28,"n",NA,NA,NA,NA,0,0,NA
35,15,0,10,2,29,"y",69,34,"y",NA,0,1,1842.54409133041
35,15,0,10,2,3,"y",78,51,"y",46,0,1,3124.31389399505
35,15,0,10,2,30,"y",71,37,"y",47,0,1,2063.2409752451
35,15,0,10,2,31,"n",NA,NA,NA,NA,0,0,NA
35,15,0,10,2,32,"y",58,38,"y",33,0,1,1731.01755212798
35,15,0,10,2,33,"y",65,48,"y",51,0,1,2450.44226980004
35,15,0,10,2,34,"y",NA,NA,NA,NA,0,1,NA
35,15,0,10,2,35,"n",NA,NA,NA,NA,0,0,NA
35,15,0,10,2,36,"n",NA,NA,NA,NA,0,0,NA
35,15,0,10,2,37,"y",68,58,"y",24,0,1,3097.61035643954
35,15,0,10,2,38,"n",NA,NA,NA,NA,0,0,NA
35,15,0,10,2,39,"y",65,39,"y",54,0,1,1990.98434421253
35,15,0,10,2,4,"y",66,35,"y",17,0,1,1814.26975744811
35,15,0,10,2,5,"y",72,44,"y",45,0,1,2488.14138164312
35,15,0,10,2,6,"n",NA,NA,NA,NA,0,0,NA
35,15,0,10,2,7,"y",69,47,"y",49,0,1,2547.04624389792
35,15,0,10,2,8,"y",53,52,"y",NA,0,1,2164.55733832337
35,15,0,10,2,9,"n",NA,NA,NA,NA,0,0,NA
37,30,0,12,2,1,"y",60,35,"y",23,0,1,1649.33614313464
37,30,0,12,2,10,"n",NA,NA,NA,20,0,0,NA
37,30,0,12,2,11,"n",NA,NA,NA,NA,0,0,NA
37,30,0,12,2,12,"y",80,62,"y",47,0,1,3895.57489045134
37,30,0,12,2,13,"n",NA,NA,NA,NA,0,0,NA
37,30,0,12,2,14,"y",64,54,"y",31,0,1,2714.33605270158
37,30,0,12,2,15,"y",60,27,"y",12,0,1,1272.34502470387
37,30,0,12,2,16,"y",70,45,"y",48,0,1,2474.00421470196
37,30,0,12,2,17,"n",NA,NA,NA,NA,0,0,NA
37,30,0,12,2,18,"y",NA,NA,NA,NA,0,1,NA
37,30,0,12,2,19,"y",62,56,"y",NA,0,1,2726.90242331594
37,30,0,12,2,2,"y",52,40,"y",43,0,1,1633.62817986669
37,30,0,12,2,20,"y",44,36,"y",1,0,1,1244.07069082156
37,30,0,12,2,21,"n",NA,NA,NA,NA,0,0,NA
37,30,0,12,2,22,"n",NA,NA,NA,NA,0,0,NA
37,30,0,12,2,23,"n",NA,NA,NA,NA,0,0,NA
37,30,0,12,2,24,"y",63,46,"n",82,0,1,2276.08387752581
37,30,0,12,2,25,"y",74,52,"y",32,0,1,3022.21213275338
37,30,0,12,2,26,"y",68,46,"y",80,0,1,2456.72545510722
37,30,0,12,2,27,"y",65,64,"y",35,0,1,3267.25635973338
37,30,0,12,2,28,"n",NA,NA,NA,NA,0,0,NA
37,30,0,12,2,29,"y",42,34,"y",7,0,1,1121.54857733156
37,30,0,12,2,3,"y",64,61,"y",48,0,1,3066.19442990364
37,30,0,12,2,30,"n",NA,NA,NA,NA,0,0,NA
37,30,0,12,2,31,"y",68,60,"y",46,0,1,3204.42450666159
37,30,0,12,2,32,"y",70,65,"y",30,0,1,3573.56164345839
37,30,0,12,2,33,"y",NA,NA,NA,NA,0,1,NA
37,30,0,12,2,34,"n",NA,NA,NA,NA,0,0,NA
37,30,0,12,2,35,"y",54,40,"y",76,0,1,1696.46003293849
37,30,0,12,2,36,"n",NA,NA,NA,NA,0,0,NA
37,30,0,12,2,37,"y",66,45,"y",78,0,1,2332.63254529042
37,30,0,12,2,38,"y",58,30,"y",66,0,1,1366.59280431156
37,30,0,12,2,39,"n",NA,NA,NA,NA,0,0,NA
37,30,0,12,2,4,"n",NA,NA,NA,NA,0,0,NA
37,30,0,12,2,5,"y",NA,NA,NA,31,0,1,NA
37,30,0,12,2,6,"y",75,64,"y",44,0,1,3769.91118430775
37,30,0,12,2,7,"y",66,62,"y",38,0,1,3213.84928462236
37,30,0,12,2,8,"y",80,62,"y",62,0,1,3895.57489045134
37,30,0,12,2,9,"n",NA,NA,NA,NA,0,0,NA
38,11,0,8,2,1,"y",57,39,"y",21,0,1,1745.94011723253
38,11,0,8,2,10,"n",NA,NA,NA,NA,0,0,NA
38,11,0,8,2,11,"n",NA,NA,NA,NA,0,0,NA
38,11,0,8,2,12,"y",60,60,"y",39,0,1,2827.43338823081
38,11,0,8,2,13,"y",60,41,"y",50,0,1,1932.07948195772
38,11,0,8,2,14,"n",NA,NA,NA,NA,0,0,NA
38,11,0,8,2,15,"n",NA,NA,NA,NA,0,0,NA
38,11,0,8,2,16,"n",NA,NA,NA,NA,0,0,NA
38,11,0,8,2,17,"y",49,52,"y",26,0,1,2001.1945203367
38,11,0,8,2,18,"y",44,39,"y",8,0,1,1347.74324839002
38,11,0,8,2,19,"y",64,50,"y",30,0,1,2513.27412287183
38,11,0,8,2,2,"y",62,45,"y",27,0,1,2191.26087587888
38,11,0,8,2,20,"y",64,52,"y",20,0,1,2613.80508778671
38,11,0,8,2,21,"y",67,33,"y",NA,0,1,1736.51533927176
38,11,0,8,2,22,"y",54,40,"y",21,0,1,1696.46003293849
38,11,0,8,2,23,"y",68,51,"y",40,0,1,2723.76083066235
38,11,0,8,2,24,"y",55,42,"y",17,0,1,1814.26975744811
38,11,0,8,2,25,"n",NA,NA,NA,NA,0,0,NA
38,11,0,8,2,26,"y",53,38,"y",46,0,1,1581.79190108246
38,11,0,8,2,27,"y",60,50,"n",13,0,1,2356.19449019234
38,11,0,8,2,28,"n",48,37,"y",79,0,1,1394.86713819387
38,11,0,8,2,29,"n",NA,NA,NA,29,0,0,NA
38,11,0,8,2,3,"y",56,49,"y",20,0,1,2155.1325603626
38,11,0,8,2,30,"n",NA,NA,NA,NA,0,0,NA
38,11,0,8,2,31,"y",36,24,"y",36,0,1,678.584013175395
38,11,0,8,2,32,"y",49,37,"y",21,0,1,1423.92687023957
38,11,0,8,2,33,"y",50,27,"y",44,0,1,1060.28752058656
38,11,0,8,2,34,"y",NA,NA,NA,NA,0,1,NA
38,11,0,8,2,35,"y",58,57,"y",NA,0,1,2596.52632819196
38,11,0,8,2,36,"y",60,47,"y",37,0,1,2214.8228207808
38,11,0,8,2,37,"y",27,22,"n",NA,0,1,466.526509058084
38,11,0,8,2,38,"y",48,43,"n",24,0,1,1621.06180925233
38,11,0,8,2,39,"y",50,43,"y",10,0,1,1688.60605130451
38,11,0,8,2,4,"y",56,56,"y",40,0,1,2463.0086404144
38,11,0,8,2,5,"y",60,44,"y",16,0,1,2073.45115136926
38,11,0,8,2,6,"n",NA,NA,NA,NA,0,0,NA
38,11,0,8,2,7,"y",47,39,"y",32,0,1,1439.63483350752
38,11,0,8,2,8,"y",50,33,"y",36,0,1,1295.90696960579
38,11,0,8,2,9,"y",60,47,"y",41,0,1,2214.8228207808
40,5,0,5,2,1,"y",52,28,"n",34,0,1,1143.53972590668
40,5,0,5,2,10,"y",47,40,"n",26,0,1,1476.5485471872
40,5,0,5,2,11,"y",50,38,"y",19,0,1,1492.25651045515
40,5,0,5,2,12,"n",NA,NA,NA,NA,0,0,NA
40,5,0,5,2,13,"y",50,42,"y",23,0,1,1649.33614313464
40,5,0,5,2,14,"n",NA,NA,NA,NA,0,0,NA
40,5,0,5,2,15,"n",NA,NA,NA,NA,0,0,NA
40,5,0,5,2,16,"y",50,43,"y",25,0,1,1688.60605130451
40,5,0,5,2,17,"y",38,34,"y",21,0,1,1014.7344271095
40,5,0,5,2,18,"n",NA,NA,NA,NA,0,0,NA
40,5,0,5,2,19,"n",NA,NA,NA,NA,0,0,NA
40,5,0,5,2,2,"y",56,38,"y",59,0,1,1671.32729170977
40,5,0,5,2,20,"y",53,40,"y",9,0,1,1665.04410640259
40,5,0,5,2,21,"n",NA,NA,NA,NA,0,0,NA
40,5,0,5,2,22,"y",57,38,"y",27,0,1,1701.17242191887
40,5,0,5,2,23,"n",NA,NA,NA,NA,0,0,NA
40,5,0,5,2,24,"y",52,34,"y",30,0,1,1388.58395288669
40,5,0,5,2,25,"y",48,40,"y",21,0,1,1507.9644737231
40,5,0,5,2,26,"n",NA,NA,NA,NA,0,0,NA
40,5,0,5,2,27,"n",NA,NA,NA,NA,0,0,NA
40,5,0,5,2,28,"y",59,34,"y",17,0,1,1575.50871577528
40,5,0,5,2,29,"y",45,40,"y",35,0,1,1413.71669411541
40,5,0,5,2,3,"y",59,43,"y",40,0,1,1992.55514053933
40,5,0,5,2,30,"y",59,59,"y",37,0,1,2733.97100678652
40,5,0,5,2,31,"n",NA,NA,NA,NA,0,0,NA
40,5,0,5,2,32,"y",52,54,"y",38,0,1,2205.39804282003
40,5,0,5,2,33,"y",40,34,"y",4,0,1,1068.14150222053
40,5,0,5,2,34,"y",55,19,"n",28,0,1,820.741080750333
40,5,0,5,2,35,"n",NA,NA,NA,NA,0,0,NA
40,5,0,5,2,36,"y",50,46,"y",19,0,1,1806.41577581413
40,5,0,5,2,37,"y",45,39,"y",33,0,1,1378.37377676252
40,5,0,5,2,38,"y",39,26,"n",27,0,1,796.393737685013
40,5,0,5,2,39,"y",34,20,"n",10,0,1,534.070751110265
40,5,0,5,2,4,"y",59,37,"n",26,0,1,1714.52419069663
40,5,0,5,2,5,"y",59,46,"y",25,0,1,2131.57061546067
40,5,0,5,2,6,"y",44,34,"y",1,0,1,1174.95565244258
40,5,0,5,2,7,"y",51,38,"y",22,0,1,1522.10164066425
40,5,0,5,2,8,"n",NA,NA,NA,NA,0,0,NA
40,5,0,5,2,9,"y",54,38,"y",30,0,1,1611.63703129156
41,0.8,0,3,2,1,"y",28,28,"y",10,0,1,615.752160103599
41,0.8,0,3,2,10,"y",37,37,"y",25,0,1,1075.21008569111
41,0.8,0,3,2,11,"y",39,11,"y",21,0,1,336.935812097505
41,0.8,0,3,2,12,"y",37,34,"y",17,0,1,988.03088955399
41,0.8,0,3,2,13,"y",41,30,"y",25,0,1,966.039740978861
41,0.8,0,3,2,14,"y",46,37,"y",24,0,1,1336.74767410246
41,0.8,0,3,2,15,"y",24,15,"n",1,0,1,282.743338823081
41,0.8,0,3,2,16,"n",NA,NA,NA,NA,0,0,NA
41,0.8,0,3,2,17,"y",36,33,"y",18,0,1,933.053018116169
41,0.8,0,3,2,18,"y",40,25,"y",22,0,1,785.398163397448
41,0.8,0,3,2,19,"y",37,10,"n",4,0,1,290.597320457056
41,0.8,0,3,2,2,"y",32,6,"y",NA,0,1,150.79644737231
41,0.8,0,3,2,20,"y",33,30,"y",15,0,1,777.544181763474
41,0.8,0,3,2,21,"y",29,25,"y",17,0,1,569.41366846315
41,0.8,0,3,2,22,"y",43,37,"y",21,0,1,1249.56847796534
41,0.8,0,3,2,23,"y",32,10,"y",NA,0,1,251.327412287183
41,0.8,0,3,2,24,"y",41,32,"y",16,0,1,1030.44239037745
41,0.8,0,3,2,25,"y",47,40,"y",25,0,1,1476.5485471872
41,0.8,0,3,2,26,"y",NA,NA,NA,NA,0,1,NA
41,0.8,0,3,2,27,"y",46,39,"y",27,0,1,1409.00430513502
41,0.8,0,3,2,28,"n",NA,NA,NA,NA,0,0,NA
41,0.8,0,3,2,29,"y",39,30,"y",22,0,1,918.915851175014
41,0.8,0,3,2,3,"y",36,30,"y",6,0,1,848.230016469244
41,0.8,0,3,2,30,"y",44,29,"y",20,0,1,1002.16805649514
41,0.8,0,3,2,31,"y",NA,NA,NA,NA,0,1,NA
41,0.8,0,3,2,32,"n",NA,NA,NA,NA,0,0,NA
41,0.8,0,3,2,33,"y",35,15,"y",20,0,1,412.33403578366
41,0.8,0,3,2,34,"y",33,24,"y",16,0,1,622.035345410779
41,0.8,0,3,2,35,"y",29,25,"y",8,0,1,569.41366846315
41,0.8,0,3,2,36,"y",30,22,"y",16,0,1,518.362787842316
41,0.8,0,3,2,37,"y",39,30,"y",10,0,1,918.915851175014
41,0.8,0,3,2,38,"n",NA,NA,NA,NA,0,0,NA
41,0.8,0,3,2,39,"y",36,34,"y",NA,0,1,961.327351998477
41,0.8,0,3,2,4,"y",31,28,"y",20,0,1,681.725605828985
41,0.8,0,3,2,5,"n",NA,NA,NA,NA,0,0,NA
41,0.8,0,3,2,6,"y",48,29,"y",30,0,1,1093.27424344925
41,0.8,0,3,2,7,"n",NA,NA,NA,NA,0,0,NA
41,0.8,0,3,2,8,"n",NA,NA,NA,NA,0,0,NA
41,0.8,0,3,2,9,"y",36,28,"y",18,0,1,791.681348704628
48,13,0,9,2,1,"y",66,60,"y",84,0,1,3110.1767270539
48,13,0,9,2,10,"y",46,23,"y",17,0,1,830.9512568745
48,13,0,9,2,11,"y",53,38,"y",38,0,1,1581.79190108246
48,13,0,9,2,12,"n",NA,NA,NA,NA,0,0,NA
48,13,0,9,2,13,"y",53,39,"y",15,0,1,1623.41800374253
48,13,0,9,2,14,"y",55,40,"n",40,0,1,1727.87595947439
48,13,0,9,2,15,"y",54,35,"y",16,0,1,1484.40252882118
48,13,0,9,2,16,"y",53,43,"y",27,0,1,1789.92241438278
48,13,0,9,2,17,"y",67,45,"y",36,0,1,2367.97546264331
48,13,0,9,2,18,"y",48,41,"y",18,0,1,1545.66358556618
48,13,0,9,2,19,"y",55,49,"y",21,0,1,2116.64805035612
48,13,0,9,2,2,"n",NA,NA,NA,NA,0,0,NA
48,13,0,9,2,20,"y",62,40,"y",37,0,1,1947.78744522567
48,13,0,9,2,21,"y",57,44,"y",36,0,1,1969.7785938008
48,13,0,9,2,22,"y",47,44,"y",20,0,1,1624.20340190592
48,13,0,9,2,23,"y",NA,NA,NA,NA,0,1,NA
48,13,0,9,2,24,"n",NA,NA,NA,40,0,0,NA
48,13,0,9,2,25,"y",50,48,"y",19,0,1,1884.95559215388
48,13,0,9,2,26,"n",NA,NA,NA,NA,0,0,NA
48,13,0,9,2,27,"y",59,36,"y",36,0,1,1668.18569905618
48,13,0,9,2,28,"y",69,35,"y",15,0,1,1896.73656460484
48,13,0,9,2,29,"y",50,28,"y",45,0,1,1099.55742875643
48,13,0,9,2,3,"y",47,33,"y",10,0,1,1218.15255142944
48,13,0,9,2,30,"y",52,50,"y",28,0,1,2042.03522483337
48,13,0,9,2,31,"y",62,45,"y",40,0,1,2191.26087587888
48,13,0,9,2,32,"y",48,34,"y",21,0,1,1281.76980266464
48,13,0,9,2,33,"y",60,36,"y",22,0,1,1696.46003293849
48,13,0,9,2,34,"y",51,36,"y",17,0,1,1441.99102799772
48,13,0,9,2,35,"y",61,39,"y",18,0,1,1868.46223072253
48,13,0,9,2,36,"y",59,30,"y",20,0,1,1390.15474921348
48,13,0,9,2,37,"y",61,35,"y",28,0,1,1676.82507885355
48,13,0,9,2,38,"y",60,59,"y",44,0,1,2780.30949842697
48,13,0,9,2,39,"y",NA,NA,NA,NA,0,1,NA
48,13,0,9,2,4,"y",59,35,"y",25,0,1,1621.84720741573
48,13,0,9,2,5,"y",52,30,"y",37,0,1,1225.22113490002
48,13,0,9,2,6,"y",52,32,"n",20,0,1,1306.90254389335
48,13,0,9,2,7,"y",50,42,"y",32,0,1,1649.33614313464
48,13,0,9,2,8,"y",52,37,"y",17,0,1,1511.10606637669
48,13,0,9,2,9,"y",48,32,"y",19,0,1,1206.37157897848
49,9,0,7,3,1,"n",NA,NA,NA,NA,0,0,NA
49,9,0,7,3,10,"y",39,38,"y",28,0,1,1163.96007815502
49,9,0,7,3,11,"n",NA,NA,NA,NA,0,0,NA
49,9,0,7,3,12,"y",45,30,"y",40,0,1,1060.28752058656
49,9,0,7,3,13,"y",43,37,"y",13,0,1,1249.56847796534
49,9,0,7,3,14,"y",68,63,"y",64,0,1,3364.64573199467
49,9,0,7,3,15,"y",46,42,"y",22,0,1,1517.38925168387
49,9,0,7,3,16,"y",56,23,"n",25,0,1,1011.59283445591
49,9,0,7,3,17,"y",46,42,"y",NA,0,1,1517.38925168387
49,9,0,7,3,18,"y",NA,NA,NA,NA,0,1,NA
49,9,0,7,3,19,"y",54,33,"y",20,0,1,1399.57952717425
49,9,0,7,3,2,"y",50,47,"y",20,0,1,1845.685683984
49,9,0,7,3,20,"y",49,45,"y",27,0,1,1731.80295029137
49,9,0,7,3,21,"y",NA,NA,NA,NA,0,1,NA
49,9,0,7,3,22,"y",40,36,"y",45,0,1,1130.97335529233
49,9,0,7,3,23,"y",50,36,"y",6,0,1,1413.71669411541
49,9,0,7,3,24,"y",44,33,"y",22,0,1,1140.39813325309
49,9,0,7,3,25,"n",NA,NA,NA,NA,0,0,NA
49,9,0,7,3,26,"y",46,43,"y",27,0,1,1553.51756720015
49,9,0,7,3,27,"y",56,43,"y",40,0,1,1891.23877746106
49,9,0,7,3,28,"y",58,33,"y",58,0,1,1503.25208474272
49,9,0,7,3,29,"n",NA,NA,NA,NA,0,0,NA
49,9,0,7,3,3,"y",49,46,"y",28,0,1,1770.28746029785
49,9,0,7,3,30,"y",59,40,"y",12,0,1,1853.53966561798
49,9,0,7,3,31,"y",64,30,"y",46,0,1,1507.9644737231
49,9,0,7,3,32,"y",46,41,"y",22,0,1,1481.26093616759
49,9,0,7,3,33,"y",45,34,"y",20,0,1,1201.6591899981
49,9,0,7,3,34,"y",46,33,"y",40,0,1,1192.23441203733
49,9,0,7,3,35,"y",57,24,"y",8,0,1,1074.42468752771
49,9,0,7,3,36,"y",45,29,"y",37,0,1,1024.94460323367
49,9,0,7,3,37,"y",54,49,"y",15,0,1,2078.16354034965
49,9,0,7,3,38,"y",65,49,"y",57,0,1,2501.49315042087
49,9,0,7,3,39,"n",NA,NA,NA,NA,0,0,NA
49,9,0,7,3,4,"y",53,33,"y",33,0,1,1373.66138778214
49,9,0,7,3,5,"y",69,31,"n",34,0,1,1679.96667150714
49,9,0,7,3,6,"y",46,33,"y",22,0,1,1192.23441203733
49,9,0,7,3,7,"y",47,35,"y",35,0,1,1291.9799787888
49,9,0,7,3,8,"y",56,43,"y",56,0,1,1891.23877746106
49,9,0,7,3,9,"n",NA,NA,NA,NA,0,0,NA
50,0.4,0,2,3,1,"y",34,24,"y",16,0,1,640.884901332318
50,0.4,0,2,3,10,"n",NA,NA,NA,NA,0,0,NA
50,0.4,0,2,3,11,"n",NA,NA,NA,NA,0,0,NA
50,0.4,0,2,3,12,"y",38,35,"y",36,0,1,1044.57955731861
50,0.4,0,2,3,13,"y",31,30,"n",31,0,1,730.420291959627
50,0.4,0,2,3,14,"n",NA,NA,NA,NA,0,0,NA
50,0.4,0,2,3,15,"n",NA,NA,NA,NA,0,0,NA
50,0.4,0,2,3,16,"y",44,37,"y",27,0,1,1278.62821001105
50,0.4,0,2,3,17,"n",NA,NA,NA,NA,0,0,NA
50,0.4,0,2,3,18,"n",NA,NA,NA,NA,0,0,NA
50,0.4,0,2,3,19,"n",NA,NA,NA,NA,0,0,NA
50,0.4,0,2,3,2,"y",44,42,"y",50,0,1,1451.41580595848
50,0.4,0,2,3,20,"y",35,30,"y",20,0,1,824.668071567321
50,0.4,0,2,3,21,"n",NA,NA,NA,NA,0,0,NA
50,0.4,0,2,3,22,"n",NA,NA,NA,NA,0,0,NA
50,0.4,0,2,3,23,"n",NA,NA,NA,NA,0,0,NA
50,0.4,0,2,3,24,"y",42,34,"y",58,0,1,1121.54857733156
50,0.4,0,2,3,25,"n",NA,NA,NA,NA,0,0,NA
50,0.4,0,2,3,26,"n",NA,NA,NA,NA,0,0,NA
50,0.4,0,2,3,27,"n",NA,NA,NA,NA,0,0,NA
50,0.4,0,2,3,28,"y",49,42,"y",42,0,1,1616.34942027195
50,0.4,0,2,3,29,"y",41,31,"y",20,0,1,998.241065678157
50,0.4,0,2,3,3,"n",NA,NA,NA,NA,0,0,NA
50,0.4,0,2,3,30,"y",46,34,"y",20,0,1,1228.36272755361
50,0.4,0,2,3,31,"n",NA,NA,NA,NA,0,0,NA
50,0.4,0,2,3,32,"n",NA,NA,NA,NA,0,0,NA
50,0.4,0,2,3,33,"n",NA,NA,NA,NA,0,0,NA
50,0.4,0,2,3,34,"n",NA,NA,NA,NA,0,0,NA
50,0.4,0,2,3,35,"n",NA,NA,NA,NA,0,0,NA
50,0.4,0,2,3,36,"n",NA,NA,NA,NA,0,0,NA
50,0.4,0,2,3,37,"n",NA,NA,NA,NA,0,0,NA
50,0.4,0,2,3,38,"y",NA,NA,NA,NA,0,1,NA
50,0.4,0,2,3,39,"n",NA,NA,NA,NA,0,0,NA
50,0.4,0,2,3,4,"y",37,28,"y",24,0,1,813.672497279756
50,0.4,0,2,3,5,"n",NA,NA,NA,NA,0,0,NA
50,0.4,0,2,3,6,"y",36,28,"y",28,0,1,791.681348704628
50,0.4,0,2,3,7,"n",NA,NA,NA,NA,0,0,NA
50,0.4,0,2,3,8,"n",NA,NA,NA,NA,0,0,NA
50,0.4,0,2,3,9,"y",44,27,"y",42,0,1,933.053018116168
51,0,0,1,3,1,"y",NA,NA,NA,NA,0,1,NA
51,0,0,1,3,10,"n",NA,NA,NA,NA,0,0,NA
51,0,0,1,3,11,"n",40,30,"y",21,0,1,942.477796076938
51,0,0,1,3,12,"y",43,32,"y",23,0,1,1080.70787283489
51,0,0,1,3,13,"y",47,38,"y",33,0,1,1402.72111982784
51,0,0,1,3,14,"y",46,40,"y",23,0,1,1445.1326206513
51,0,0,1,3,15,"y",41,32,"y",18,0,1,1030.44239037745
51,0,0,1,3,16,"y",39,28,"y",11,0,1,857.654794430013
51,0,0,1,3,17,"y",43,32,"n",52,0,1,1080.70787283489
51,0,0,1,3,18,"n",NA,NA,NA,NA,0,0,NA
51,0,0,1,3,19,"y",45,43,"n",35,0,1,1519.74544617406
51,0,0,1,3,2,"y",44,33,"y",52,0,1,1140.39813325309
51,0,0,1,3,20,"n",NA,NA,NA,NA,0,0,NA
51,0,0,1,3,21,"y",41,37,"y",34,0,1,1191.44901387393
51,0,0,1,3,22,"y",42,30,"y",18,0,1,989.601685880785
51,0,0,1,3,23,"n",NA,NA,NA,NA,0,0,NA
51,0,0,1,3,24,"y",44,32,"y",38,0,1,1105.84061406361
51,0,0,1,3,25,"y",40,32,"y",NA,0,1,1005.30964914873
51,0,0,1,3,26,"y",53,37,"y",NA,0,1,1540.1657984224
51,0,0,1,3,27,"y",49,35,"y",39,0,1,1346.95785022662
51,0,0,1,3,28,"y",41,27,"y",23,0,1,869.435766880975
51,0,0,1,3,29,"n",NA,NA,NA,NA,0,0,NA
51,0,0,1,3,3,"y",38,32,"y",27,0,1,955.044166691297
51,0,0,1,3,30,"y",45,25,"y",41,0,1,883.572933822129
51,0,0,1,3,31,"n",25,9,"n",NA,0,1,176.714586764426
51,0,0,1,3,32,"y",47,33,"y",25,0,1,1218.15255142944
51,0,0,1,3,33,"y",42,25,"y",29,0,1,824.668071567321
51,0,0,1,3,34,"y",32,25,"y",18,0,1,628.318530717959
51,0,0,1,3,35,"n",NA,NA,NA,NA,0,0,NA
51,0,0,1,3,36,"y",37,34,"y",NA,0,1,988.03088955399
51,0,0,1,3,37,"y",NA,NA,NA,NA,0,1,NA
51,0,0,1,3,38,"y",34,33,"y",32,0,1,881.216739331937
51,0,0,1,3,39,"y",35,32,"y",10,0,1,879.645943005142
51,0,0,1,3,4,"n",NA,NA,NA,NA,0,0,NA
51,0,0,1,3,5,"n",NA,NA,NA,NA,0,0,NA
51,0,0,1,3,6,"n",NA,NA,NA,NA,0,0,NA
51,0,0,1,3,7,"y",39,33,"y",23,0,1,1010.80743629252
51,0,0,1,3,8,"y",39,31,"y",20,0,1,949.546379547515
51,0,0,1,3,9,"n",NA,NA,NA,NA,0,0,NA
52,5,0,5,3,1,"n",NA,NA,NA,4,0,0,NA
52,5,0,5,3,10,"y",50,30,"y",54,0,1,1178.09724509617
52,5,0,5,3,11,"n",NA,NA,NA,NA,0,0,NA
52,5,0,5,3,12,"y",48,44,"y",45,0,1,1658.76092109541
52,5,0,5,3,13,"n",NA,NA,NA,NA,0,0,NA
52,5,0,5,3,14,"y",39,28,"y",20,0,1,857.654794430013
52,5,0,5,3,15,"y",46,34,"y",36,0,1,1228.36272755361
52,5,0,5,3,16,"n",NA,NA,NA,NA,0,0,NA
52,5,0,5,3,17,"y",48,38,"y",NA,0,1,1432.56625003695
52,5,0,5,3,18,"n",NA,NA,NA,NA,0,0,NA
52,5,0,5,3,19,"y",51,47,"y",56,0,1,1882.59939766368
52,5,0,5,3,2,"n",NA,NA,NA,NA,0,0,NA
52,5,0,5,3,20,"y",44,27,"n",29,0,1,933.053018116168
52,5,0,5,3,21,"y",43,34,"y",11,0,1,1148.25211488707
52,5,0,5,3,22,"n",NA,NA,NA,NA,0,0,NA
52,5,0,5,3,23,"n",NA,NA,NA,NA,0,0,NA
52,5,0,5,3,24,"y",50,46,"y",51,0,1,1806.41577581413
52,5,0,5,3,25,"n",NA,NA,NA,NA,0,0,NA
52,5,0,5,3,26,"n",NA,NA,NA,NA,0,0,NA
52,5,0,5,3,27,"y",46,45,"y",55,0,1,1625.77419823272
52,5,0,5,3,28,"n",NA,NA,NA,NA,0,0,NA
52,5,0,5,3,29,"y",49,46,"y",49,0,1,1770.28746029785
52,5,0,5,3,3,"y",53,38,"y",22,0,1,1581.79190108246
52,5,0,5,3,30,"n",NA,NA,NA,NA,0,0,NA
52,5,0,5,3,31,"y",44,40,"y",15,0,1,1382.30076757951
52,5,0,5,3,32,"n",NA,NA,NA,NA,0,0,NA
52,5,0,5,3,33,"n",NA,NA,NA,NA,0,0,NA
52,5,0,5,3,34,"n",NA,NA,NA,NA,0,0,NA
52,5,0,5,3,35,"n",NA,NA,NA,NA,0,0,NA
52,5,0,5,3,36,"y",47,43,"y",26,0,1,1587.28968822624
52,5,0,5,3,37,"y",47,31,"y",27,0,1,1144.32512407008
52,5,0,5,3,38,"y",52,34,"y",39,0,1,1388.58395288669
52,5,0,5,3,39,"y",34,56,"y",43,0,1,1495.39810310874
52,5,0,5,3,4,"y",41,20,"y",22,0,1,644.026493985908
52,5,0,5,3,5,"y",46,28,"y",38,0,1,1011.59283445591
52,5,0,5,3,6,"n",NA,NA,NA,NA,0,0,NA
52,5,0,5,3,7,"y",46,45,"y",NA,0,1,1625.77419823272
52,5,0,5,3,8,"n",NA,NA,NA,NA,0,0,NA
52,5,0,5,3,9,"y",39,34,"y",17,0,1,1041.43796466502
58,7,0,6,3,1,"y",46,30,"y",16,0,1,1083.84946548848
58,7,0,6,3,10,"y",56,33,"y",29,0,1,1451.41580595848
58,7,0,6,3,11,"y",47,24,"y",17,0,1,885.929128312322
58,7,0,6,3,12,"y",53,36,"y",31,0,1,1498.53969576233
58,7,0,6,3,13,"y",49,12,"y",24,0,1,461.8141200777
58,7,0,6,3,14,"y",37,28,"y",7,0,1,813.672497279756
58,7,0,6,3,15,"y",44,34,"y",3,0,1,1174.95565244258
58,7,0,6,3,16,"y",45,27,"y",20,0,1,954.2587685279
58,7,0,6,3,17,"n",NA,NA,NA,NA,0,0,NA
58,7,0,6,3,18,"y",43,33,"y",29,0,1,1114.47999386098
58,7,0,6,3,19,"n",NA,NA,NA,NA,0,0,NA
58,7,0,6,3,2,"y",54,28,"y",39,0,1,1187.52202305694
58,7,0,6,3,20,"n",NA,NA,NA,NA,0,0,NA
58,7,0,6,3,21,"n",NA,NA,NA,NA,0,0,NA
58,7,0,6,3,22,"y",48,38,"y",20,0,1,1432.56625003695
58,7,0,6,3,23,"y",47,31,"y",18,0,1,1144.32512407008
58,7,0,6,3,24,"y",55,34,"y",30,0,1,1468.69456555323
58,7,0,6,3,25,"y",55,42,"y",45,0,1,1814.26975744811
58,7,0,6,3,26,"y",36,28,"y",10,0,1,791.681348704628
58,7,0,6,3,27,"y",36,29,"y",9,0,1,819.955682586936
58,7,0,6,3,28,"n",NA,NA,NA,NA,0,0,NA
58,7,0,6,3,29,"y",44,38,"y",25,0,1,1313.18572920053
58,7,0,6,3,3,"y",47,32,"y",17,0,1,1181.23883774976
58,7,0,6,3,30,"n",NA,NA,NA,34,0,0,NA
58,7,0,6,3,31,"n",NA,NA,NA,NA,0,0,NA
58,7,0,6,3,32,"n",NA,NA,NA,NA,0,0,NA
58,7,0,6,3,33,"n",NA,NA,NA,NA,0,0,NA
58,7,0,6,3,34,"y",48,46,"y",22,0,1,1734.15914478157
58,7,0,6,3,35,"n",NA,NA,NA,NA,0,0,NA
58,7,0,6,3,36,"y",41,38,"y",10,0,1,1223.65033857322
58,7,0,6,3,37,"y",41,22,"y",4,0,1,708.429143384498
58,7,0,6,3,38,"y",40,22,"y",20,0,1,691.150383789755
58,7,0,6,3,39,"y",35,22,"y",NA,0,1,604.756585816035
58,7,0,6,3,4,"y",48,18,"y",4,0,1,678.584013175395
58,7,0,6,3,5,"y",50,38,"y",23,0,1,1492.25651045515
58,7,0,6,3,6,"n",NA,NA,NA,NA,0,0,NA
58,7,0,6,3,7,"y",60,36,"y",31,0,1,1696.46003293849
58,7,0,6,3,8,"y",54,31,"y",12,0,1,1314.75652552733
58,7,0,6,3,9,"y",55,31,"y",28,0,1,1339.10386859265
71,3,0,4,3,1,"n",NA,NA,NA,NA,0,0,NA
71,3,0,4,3,10,"y",40,23,"n",31,0,1,722.566310325652
71,3,0,4,3,11,"y",46,43,"y",14,0,1,1553.51756720015
71,3,0,4,3,12,"y",34,34,"y",26,0,1,907.92027688745
71,3,0,4,3,13,"n",NA,NA,NA,NA,0,0,NA
71,3,0,4,3,14,"y",34,28,"y",23,0,1,747.699051554371
71,3,0,4,3,15,"y",48,33,"y",36,0,1,1244.07069082156
71,3,0,4,3,16,"y",46,33,"y",21,0,1,1192.23441203733
71,3,0,4,3,17,"y",NA,NA,NA,NA,0,1,NA
71,3,0,4,3,18,"n",NA,NA,NA,NA,0,0,NA
71,3,0,4,3,19,"y",48,42,"y",23,0,1,1583.36269740926
71,3,0,4,3,2,"n",NA,NA,NA,NA,0,0,NA
71,3,0,4,3,20,"n",27,21,"y",36,0,1,445.320758646353
71,3,0,4,3,21,"y",NA,NA,NA,4,0,1,NA
71,3,0,4,3,22,"y",38,28,"y",21,0,1,835.663645854885
71,3,0,4,3,23,"n",NA,NA,NA,NA,0,0,NA
71,3,0,4,3,24,"n",NA,NA,NA,NA,0,0,NA
71,3,0,4,3,25,"y",30,25,"y",17,0,1,589.048622548086
71,3,0,4,3,26,"n",NA,NA,NA,NA,0,0,NA
71,3,0,4,3,27,"y",40,31,"y",30,0,1,973.893722612836
71,3,0,4,3,28,"y",37,22,"y",27,0,1,639.314105005523
71,3,0,4,3,29,"y",45,24,"y",42,0,1,848.230016469244
71,3,0,4,3,3,"n",NA,NA,NA,NA,0,0,NA
71,3,0,4,3,30,"n",NA,NA,NA,NA,0,0,NA
71,3,0,4,3,31,"y",34,24,"y",12,0,1,640.884901332318
71,3,0,4,3,32,"y",40,17,"y",11,0,1,534.070751110265
71,3,0,4,3,33,"y",40,30,"y",28,0,1,942.477796076938
71,3,0,4,3,34,"y",46,36,"y",45,0,1,1300.61935858617
71,3,0,4,3,35,"n",NA,NA,NA,NA,0,0,NA
71,3,0,4,3,36,"n",NA,NA,NA,NA,0,0,NA
71,3,0,4,3,37,"n",NA,NA,NA,NA,0,0,NA
71,3,0,4,3,38,"n",NA,NA,NA,NA,0,0,NA
71,3,0,4,3,39,"n",NA,NA,NA,NA,0,0,NA
71,3,0,4,3,4,"y",38,35,"y",32,0,1,1044.57955731861
71,3,0,4,3,5,"y",42,33,"y",34,0,1,1088.56185446886
71,3,0,4,3,6,"n",NA,NA,NA,NA,0,0,NA
71,3,0,4,3,7,"y",16,3,NA,NA,0,1,37.6991118430775
71,3,0,4,3,8,"n",NA,8,"n",NA,0,0,NA
71,3,0,4,3,9,"n",NA,NA,NA,NA,0,0,NA
72,15,0,10,3,1,"n",NA,NA,NA,NA,0,0,NA
72,15,0,10,3,10,"y",51,39,"y",41,0,1,1562.15694699752
72,15,0,10,3,11,"y",58,41,"y",26,0,1,1867.67683255913
72,15,0,10,3,12,"y",NA,NA,NA,NA,0,1,NA
72,15,0,10,3,13,"n",NA,NA,NA,NA,0,0,NA
72,15,0,10,3,14,"n",NA,NA,NA,NA,0,0,NA
72,15,0,10,3,15,"n",NA,NA,NA,NA,0,0,NA
72,15,0,10,3,16,"y",69,66,"y",68,0,1,3576.70323611198
72,15,0,10,3,17,"n",NA,NA,NA,NA,0,0,NA
72,15,0,10,3,18,"n",NA,NA,NA,NA,0,0,NA
72,15,0,10,3,19,"y",69,60,"y",55,0,1,3251.54839646544
72,15,0,10,3,2,"y",76,64,"y",48,0,1,3820.17666676519
72,15,0,10,3,20,"n",NA,NA,NA,NA,0,0,NA
72,15,0,10,3,21,"n",NA,NA,NA,NA,0,0,NA
72,15,0,10,3,22,"n",NA,NA,NA,NA,0,0,NA
72,15,0,10,3,23,"y",56,49,"y",47,0,1,2155.1325603626
72,15,0,10,3,24,"n",NA,NA,NA,NA,0,0,NA
72,15,0,10,3,25,"n",NA,NA,NA,NA,0,0,NA
72,15,0,10,3,26,"n",NA,NA,NA,NA,0,0,NA
72,15,0,10,3,27,"y",NA,NA,NA,NA,0,1,NA
72,15,0,10,3,28,"y",59,51,"y",NA,0,1,2363.26307366292
72,15,0,10,3,29,"n",NA,NA,NA,NA,0,0,NA
72,15,0,10,3,3,"n",NA,NA,NA,NA,0,0,NA
72,15,0,10,3,30,"y",49,36,"y",41,0,1,1385.4423602331
72,15,0,10,3,31,"n",NA,NA,NA,NA,0,0,NA
72,15,0,10,3,32,"n",NA,NA,NA,NA,0,0,NA
72,15,0,10,3,33,"n",NA,NA,NA,NA,0,0,NA
72,15,0,10,3,34,"n",NA,NA,NA,NA,0,0,NA
72,15,0,10,3,35,"n",NA,NA,NA,NA,0,0,NA
72,15,0,10,3,36,"n",NA,NA,NA,NA,0,0,NA
72,15,0,10,3,37,"n",NA,NA,NA,22,0,0,NA
72,15,0,10,3,38,"n",NA,NA,NA,60,0,0,NA
72,15,0,10,3,39,"n",NA,NA,NA,NA,0,0,NA
72,15,0,10,3,4,"y",65,55,"y",NA,0,1,2807.79843414588
72,15,0,10,3,5,"y",58,58,"y",59,0,1,2642.07942166902
72,15,0,10,3,6,"y",59,53,"y",NA,0,1,2455.94005694382
72,15,0,10,3,7,"n",NA,NA,NA,NA,0,0,NA
72,15,0,10,3,8,"y",NA,NA,NA,32,0,1,NA
72,15,0,10,3,9,"n",NA,NA,NA,33,0,0,NA
82,0.8,0,3,4,1,"y",41,39,"y",31,0,1,1255.85166327252
82,0.8,0,3,4,10,"y",50,46,"y",35,0,1,1806.41577581413
82,0.8,0,3,4,11,"y",48,32,"y",7,0,1,1206.37157897848
82,0.8,0,3,4,12,"y",44,27,"y",22,0,1,933.053018116168
82,0.8,0,3,4,13,"y",51,45,"y",53,0,1,1802.48878499714
82,0.8,0,3,4,14,"y",39,37,"y",14,0,1,1133.32954978252
82,0.8,0,3,4,15,"y",44,39,"y",23,0,1,1347.74324839002
82,0.8,0,3,4,16,"y",35,34,"y",15,0,1,934.623814442963
82,0.8,0,3,4,17,"n",NA,NA,NA,NA,0,0,NA
82,0.8,0,3,4,18,"n",NA,NA,NA,NA,0,0,NA
82,0.8,0,3,4,19,"n",NA,NA,NA,NA,0,0,NA
82,0.8,0,3,4,2,"n",NA,NA,NA,NA,0,0,NA
82,0.8,0,3,4,20,"n",NA,NA,NA,NA,0,0,NA
82,0.8,0,3,4,21,"n",NA,NA,NA,NA,0,0,NA
82,0.8,0,3,4,22,"y",52,48,"y",16,0,1,1960.35381584003
82,0.8,0,3,4,23,"n",NA,NA,NA,NA,0,0,NA
82,0.8,0,3,4,24,"n",NA,NA,NA,NA,0,0,NA
82,0.8,0,3,4,25,"y",44,41,"y",46,0,1,1416.858286769
82,0.8,0,3,4,26,"y",20,17,"y",46,0,1,267.035375555132
82,0.8,0,3,4,27,"y",34,25,"y",NA,0,1,667.588438887831
82,0.8,0,3,4,28,"n",NA,NA,NA,NA,0,0,NA
82,0.8,0,3,4,29,"n",NA,NA,NA,NA,0,0,NA
82,0.8,0,3,4,3,"y",47,41,"y",20,0,1,1513.46226086688
82,0.8,0,3,4,30,"n",NA,NA,NA,NA,0,0,NA
82,0.8,0,3,4,31,"n",NA,NA,NA,NA,0,0,NA
82,0.8,0,3,4,32,"y",NA,NA,NA,NA,0,1,NA
82,0.8,0,3,4,33,"y",50,46,"y",58,0,1,1806.41577581413
82,0.8,0,3,4,34,"y",51,41,"y",3,0,1,1642.26755966406
82,0.8,0,3,4,35,"n",NA,NA,NA,NA,0,0,NA
82,0.8,0,3,4,36,"n",NA,NA,NA,NA,0,0,NA
82,0.8,0,3,4,37,"y",50,50,"y",79,0,1,1963.49540849362
82,0.8,0,3,4,38,"n",NA,NA,NA,NA,0,0,NA
82,0.8,0,3,4,39,"n",NA,NA,NA,NA,0,0,NA
82,0.8,0,3,4,4,"n",NA,NA,NA,NA,0,0,NA
82,0.8,0,3,4,5,"y",39,36,"y",20,0,1,1102.69902141002
82,0.8,0,3,4,6,"n",NA,NA,NA,NA,0,0,NA
82,0.8,0,3,4,7,"n",NA,NA,NA,NA,0,0,NA
82,0.8,0,3,4,8,"n",NA,NA,NA,NA,0,0,NA
82,0.8,0,3,4,9,"y",44,38,"n",43,0,1,1313.18572920053
83,3,0,4,4,1,"y",51,38,"y",24,0,1,1522.10164066425
83,3,0,4,4,10,"y",54,35,"y",36,0,1,1484.40252882118
83,3,0,4,4,11,"y",42,36,"y",21,0,1,1187.52202305694
83,3,0,4,4,12,"n",NA,NA,NA,NA,0,0,NA
83,3,0,4,4,13,"y",56,42,"y",46,0,1,1847.2564803108
83,3,0,4,4,14,"n",NA,NA,NA,NA,0,0,NA
83,3,0,4,4,15,"y",49,40,"y",NA,0,1,1539.380400259
83,3,0,4,4,16,"y",44,39,"y",8,0,1,1347.74324839002
83,3,0,4,4,17,"n",NA,NA,NA,NA,0,0,NA
83,3,0,4,4,18,"n",NA,NA,NA,NA,0,0,NA
83,3,0,4,4,19,"y",50,46,"y",24,0,1,1806.41577581413
83,3,0,4,4,2,"n",NA,NA,NA,NA,0,0,NA
83,3,0,4,4,20,"n",NA,NA,NA,NA,0,0,NA
83,3,0,4,4,21,"n",NA,NA,NA,NA,0,0,NA
83,3,0,4,4,22,"n",NA,NA,NA,NA,0,0,NA
83,3,0,4,4,23,"n",NA,NA,NA,NA,0,0,NA
83,3,0,4,4,24,"n",NA,NA,NA,NA,0,0,NA
83,3,0,4,4,25,"n",NA,NA,NA,NA,0,0,NA
83,3,0,4,4,26,"n",41,24,"n",25,0,1,772.831792783089
83,3,0,4,4,27,"y",47,40,"y",NA,0,1,1476.5485471872
83,3,0,4,4,28,"n",NA,NA,NA,NA,0,0,NA
83,3,0,4,4,29,"y",37,30,"y",17,0,1,871.791961371168
83,3,0,4,4,3,"n",NA,NA,NA,NA,0,0,NA
83,3,0,4,4,30,"n",35,16,"y",14,0,1,439.822971502571
83,3,0,4,4,31,"y",54,40,"y",47,0,1,1696.46003293849
83,3,0,4,4,32,"n",NA,NA,NA,NA,0,0,NA
83,3,0,4,4,33,"n",NA,NA,NA,NA,0,0,NA
83,3,0,4,4,34,"n",NA,NA,NA,NA,0,0,NA
83,3,0,4,4,35,"n",NA,NA,NA,NA,0,0,NA
83,3,0,4,4,36,"y",46,43,"y",56,0,1,1553.51756720015
83,3,0,4,4,37,"n",NA,NA,NA,NA,0,0,NA
83,3,0,4,4,38,"n",NA,NA,NA,NA,0,0,NA
83,3,0,4,4,39,"n",NA,NA,NA,NA,0,0,NA
83,3,0,4,4,4,"y",48,45,"y",48,0,1,1696.46003293849
83,3,0,4,4,5,"n",NA,NA,NA,NA,0,0,NA
83,3,0,4,4,6,"n",NA,NA,NA,NA,0,0,NA
83,3,0,4,4,7,"n",NA,NA,NA,NA,0,0,NA
83,3,0,4,4,8,"n",NA,NA,NA,NA,0,0,NA
83,3,0,4,4,9,"y",53,42,"y",50,0,1,1748.29631172272
85,0,0,1,4,1,"y",64,33,"y",45,0,1,1658.76092109541
85,0,0,1,4,10,"n",NA,NA,NA,NA,0,0,NA
85,0,0,1,4,11,"y",49,41,"y",28,0,1,1577.86491026547
85,0,0,1,4,12,"n",NA,NA,NA,NA,0,0,NA
85,0,0,1,4,13,"n",NA,NA,NA,NA,0,0,NA
85,0,0,1,4,14,"n",NA,NA,NA,NA,0,0,NA
85,0,0,1,4,15,"n",NA,NA,NA,NA,0,0,NA
85,0,0,1,4,16,"n",NA,NA,NA,NA,0,0,NA
85,0,0,1,4,17,"n",NA,NA,NA,NA,0,0,NA
85,0,0,1,4,18,"n",NA,NA,NA,NA,0,0,NA
85,0,0,1,4,19,"y",52,49,"y",NA,0,1,2001.1945203367
85,0,0,1,4,2,"n",NA,NA,NA,NA,0,0,NA
85,0,0,1,4,20,"n",NA,NA,NA,NA,0,0,NA
85,0,0,1,4,21,"n",NA,NA,NA,NA,0,0,NA
85,0,0,1,4,22,"y",45,28,"y",19,0,1,989.601685880785
85,0,0,1,4,23,"y",42,29,"y",35,0,1,956.614963018092
85,0,0,1,4,24,"y",44,32,"y",54,0,1,1105.84061406361
85,0,0,1,4,25,"n",NA,NA,NA,NA,0,0,NA
85,0,0,1,4,26,"n",NA,NA,NA,NA,0,0,NA
85,0,0,1,4,27,"n",NA,NA,NA,NA,0,0,NA
85,0,0,1,4,28,"y",51,24,"y",35,0,1,961.327351998477
85,0,0,1,4,29,"y",36,25,"y",31,0,1,706.858347057703
85,0,0,1,4,3,"n",NA,NA,NA,NA,0,0,NA
85,0,0,1,4,30,"n",NA,NA,NA,NA,0,0,NA
85,0,0,1,4,31,"n",NA,NA,NA,NA,0,0,NA
85,0,0,1,4,32,"n",NA,NA,NA,NA,0,0,NA
85,0,0,1,4,33,"y",NA,NA,NA,22,0,1,NA
85,0,0,1,4,34,"y",NA,NA,NA,44,0,1,NA
85,0,0,1,4,35,"n",NA,NA,NA,NA,0,0,NA
85,0,0,1,4,36,"n",NA,NA,NA,NA,0,0,NA
85,0,0,1,4,37,"n",NA,NA,NA,NA,0,0,NA
85,0,0,1,4,38,"y",54,42,"y",55,0,1,1781.28303458541
85,0,0,1,4,39,"n",NA,NA,NA,NA,0,0,NA
85,0,0,1,4,4,"n",NA,NA,NA,NA,0,0,NA
85,0,0,1,4,5,"n",NA,NA,NA,NA,0,0,NA
85,0,0,1,4,6,"n",NA,NA,NA,NA,0,0,NA
85,0,0,1,4,7,"y",53,37,"y",39,0,1,1540.1657984224
85,0,0,1,4,8,"n",NA,NA,NA,NA,0,0,NA
85,0,0,1,4,9,"n",NA,NA,NA,NA,0,0,NA
86,5,0,5,4,1,"y",48,31,"y",52,0,1,1168.6724671354
86,5,0,5,4,10,"y",48,24,"y",47,0,1,904.77868423386
86,5,0,5,4,11,"n",NA,NA,NA,NA,0,0,NA
86,5,0,5,4,12,"n",NA,NA,NA,NA,0,0,NA
86,5,0,5,4,13,"n",NA,NA,NA,NA,0,0,NA
86,5,0,5,4,14,"y",47,23,"y",22,0,1,849.015414632642
86,5,0,5,4,15,"y",31,30,"y",1,0,1,730.420291959627
86,5,0,5,4,16,"y",46,33,"y",33,0,1,1192.23441203733
86,5,0,5,4,17,"y",30,24,"n",7,0,1,565.486677646163
86,5,0,5,4,18,"n",NA,NA,NA,NA,0,0,NA
86,5,0,5,4,19,"n",NA,NA,NA,NA,0,0,NA
86,5,0,5,4,2,"y",55,27,"y",59,0,1,1166.31627264521
86,5,0,5,4,20,"y",27,26,"y",25,0,1,551.349510705009
86,5,0,5,4,21,"n",NA,NA,NA,NA,0,0,NA
86,5,0,5,4,22,"y",41,32,"y",8,0,1,1030.44239037745
86,5,0,5,4,23,"n",NA,NA,NA,NA,0,0,NA
86,5,0,5,4,24,"n",NA,NA,NA,NA,0,0,NA
86,5,0,5,4,25,"n",NA,NA,NA,NA,0,0,NA
86,5,0,5,4,26,"n",NA,NA,NA,NA,0,0,NA
86,5,0,5,4,27,"y",50,41,"y",41,0,1,1610.06623496477
86,5,0,5,4,28,"y",40,27,"y",23,0,1,848.230016469244
86,5,0,5,4,29,"y",50,26,"y",18,0,1,1021.01761241668
86,5,0,5,4,3,"y",34,25,"y",22,0,1,667.588438887831
86,5,0,5,4,30,"y",52,33,"y",17,0,1,1347.74324839002
86,5,0,5,4,31,"y",51,14,"y",41,0,1,560.774288665778
86,5,0,5,4,32,"y",61,17,"y",31,0,1,814.457895443154
86,5,0,5,4,33,"y",41,19,"n",18,0,1,611.825169286612
86,5,0,5,4,34,"y",41,26,"y",39,0,1,837.23444218168
86,5,0,5,4,35,"y",45,18,"y",16,0,1,636.172512351933
86,5,0,5,4,36,"n",NA,NA,NA,NA,0,0,NA
86,5,0,5,4,37,"n",NA,NA,NA,NA,0,0,NA
86,5,0,5,4,38,"y",51,47,"y",82,0,1,1882.59939766368
86,5,0,5,4,39,"n",NA,NA,NA,NA,0,0,NA
86,5,0,5,4,4,"y",54,49,"y",39,0,1,2078.16354034965
86,5,0,5,4,5,"n",NA,NA,NA,NA,0,0,NA
86,5,0,5,4,6,"n",NA,NA,NA,NA,0,0,NA
86,5,0,5,4,7,"y",45,36,"y",25,0,1,1272.34502470387
86,5,0,5,4,8,"y",40,20,"y",6,0,1,628.318530717959
86,5,0,5,4,9,"y",45,34,"y",11,0,1,1201.6591899981
9,11,0,8,1,1,"y",41,38,"y",23,0,1,1223.65033857322
9,11,0,8,1,10,"n",NA,NA,NA,NA,0,0,NA
9,11,0,8,1,11,"y",64,55,"y",31,0,1,2764.60153515902
9,11,0,8,1,12,"y",63,44,"y",20,0,1,2177.12370893773
9,11,0,8,1,13,"y",77,42,"y",23,0,1,2539.97766042735
9,11,0,8,1,14,"y",46,37,"y",39,0,1,1336.74767410246
9,11,0,8,1,15,"y",57,39,"y",28,0,1,1745.94011723253
9,11,0,8,1,16,"y",64,50,"y",16,0,1,2513.27412287183
9,11,0,8,1,17,"y",58,51,"y",10,0,1,2323.20776732965
9,11,0,8,1,18,"y",63,46,"y",8,0,1,2276.08387752581
9,11,0,8,1,19,"y",84,53,"y",15,0,1,3496.59262344544
9,11,0,8,1,2,"y",43,40,"y",21,0,1,1350.88484104361
9,11,0,8,1,20,"n",64,47,"y",8,0,1,2362.47767549952
9,11,0,8,1,21,"y",35,32,"y",NA,0,1,879.645943005142
9,11,0,8,1,22,"n",NA,NA,NA,NA,0,0,NA
9,11,0,8,1,23,"y",55,38,"y",NA,0,1,1641.48216150067
9,11,0,8,1,24,"y",50,36,"y",29,0,1,1413.71669411541
9,11,0,8,1,25,"y",54,37,"y",37,0,1,1569.2255304681
9,11,0,8,1,26,"n",NA,NA,NA,NA,0,0,NA
9,11,0,8,1,27,"n",NA,NA,NA,NA,0,0,NA
9,11,0,8,1,28,"y",63,59,"y",10,0,1,2919.32497334832
9,11,0,8,1,29,"n",NA,NA,NA,NA,0,0,NA
9,11,0,8,1,3,"y",51,41,"y",14,0,1,1642.26755966406
9,11,0,8,1,30,"y",59,49,"y",5,0,1,2270.58609038202
9,11,0,8,1,31,"n",NA,NA,NA,NA,0,0,NA
9,11,0,8,1,32,"y",52,48,"n",30,0,1,1960.35381584003
9,11,0,8,1,33,"y",62,33,"y",NA,0,1,1606.92464231118
9,11,0,8,1,34,"y",74,44,"y",10,0,1,2557.25642002209
9,11,0,8,1,35,"y",69,50,"y",42,0,1,2709.6236637212
9,11,0,8,1,36,"y",67,52,"y",NA,0,1,2736.32720127671
9,11,0,8,1,37,"y",73,46,"y",47,0,1,2637.36703268863
9,11,0,8,1,38,"y",56,48,"y",NA,0,1,2111.15026321234
9,11,0,8,1,39,"y",74,56,"y",78,0,1,3254.68998911903
9,11,0,8,1,4,"y",58,33,"y",27,0,1,1503.25208474272
9,11,0,8,1,5,"y",65,41,"y",31,0,1,2093.0861054542
9,11,0,8,1,6,"y",59,48,"y",33,0,1,2224.24759874157
9,11,0,8,1,7,"n",NA,NA,NA,NA,0,0,NA
9,11,0,8,1,8,"y",56,34,"y",36,0,1,1495.39810310874
9,11,0,8,1,9,"y",67,47,"y",16,0,1,2473.21881653856
98,15,0,10,5,1,"y",52,38,"y",41,0,1,1551.94677087336
98,15,0,10,5,10,"n",NA,NA,NA,NA,0,0,NA
98,15,0,10,5,11,"y",69,50,"y",42,0,1,2709.6236637212
98,15,0,10,5,12,"n",NA,NA,NA,NA,0,0,NA
98,15,0,10,5,13,"n",NA,NA,NA,NA,0,0,NA
98,15,0,10,5,14,"y",62,54,"y",32,0,1,2629.51305105466
98,15,0,10,5,15,"n",NA,NA,NA,NA,0,0,NA
98,15,0,10,5,16,"y",55,49,"y",80,0,1,2116.64805035612
98,15,0,10,5,17,"n",NA,NA,NA,NA,0,0,NA
98,15,0,10,5,18,"y",53,47,"y",43,0,1,1956.42682502304
98,15,0,10,5,19,"y",54,38,"y",16,0,1,1611.63703129156
98,15,0,10,5,2,"n",NA,NA,NA,NA,0,0,NA
98,15,0,10,5,20,"n",NA,NA,NA,NA,0,0,NA
98,15,0,10,5,21,"n",NA,NA,NA,NA,0,0,NA
98,15,0,10,5,22,"n",NA,NA,NA,NA,0,0,NA
98,15,0,10,5,23,"n",NA,NA,NA,NA,0,0,NA
98,15,0,10,5,24,"n",NA,NA,NA,NA,0,0,NA
98,15,0,10,5,25,"y",58,53,"y",46,0,1,2414.31395428376
98,15,0,10,5,26,"y",61,48,"y",64,0,1,2299.64582242773
98,15,0,10,5,27,"n",NA,NA,NA,NA,0,0,NA
98,15,0,10,5,28,"y",40,32,"y",29,0,1,1005.30964914873
98,15,0,10,5,29,"n",NA,NA,NA,NA,0,0,NA
98,15,0,10,5,3,"y",53,50,"y",29,0,1,2081.30513300324
98,15,0,10,5,30,"n",NA,NA,NA,NA,0,0,NA
98,15,0,10,5,31,"y",42,37,"y",29,0,1,1220.50874591963
98,15,0,10,5,32,"y",52,45,"y",35,0,1,1837.83170235003
98,15,0,10,5,33,"y",50,36,"y",38,0,1,1413.71669411541
98,15,0,10,5,34,"n",NA,NA,NA,NA,0,0,NA
98,15,0,10,5,35,"n",NA,NA,NA,NA,0,0,NA
98,15,0,10,5,36,"y",59,43,"y",25,0,1,1992.55514053933
98,15,0,10,5,37,"y",52,38,"y",NA,0,1,1551.94677087336
98,15,0,10,5,38,"y",45,36,"y",45,0,1,1272.34502470387
98,15,0,10,5,39,"y",48,39,"y",NA,0,1,1470.26536188002
98,15,0,10,5,4,"n",NA,NA,NA,NA,0,0,NA
98,15,0,10,5,5,"n",NA,NA,NA,NA,0,0,NA
98,15,0,10,5,6,"y",56,50,"y",65,0,1,2199.11485751285
98,15,0,10,5,7,"y",56,34,"y",62,0,1,1495.39810310874
98,15,0,10,5,8,"n",NA,NA,NA,NA,0,0,NA
98,15,0,10,5,9,"n",NA,NA,NA,NA,0,0,NA
99,30,0,12,5,1,"y",62,50,"y",37,0,1,2434.73430653209
99,30,0,12,5,10,"n",NA,NA,NA,NA,0,0,NA
99,30,0,12,5,11,"n",NA,NA,NA,NA,0,0,NA
99,30,0,12,5,12,"y",64,58,"y",23,0,1,2915.39798253133
99,30,0,12,5,13,"y",50,43,"y",45,0,1,1688.60605130451
99,30,0,12,5,14,"y",57,29,"y",31,0,1,1298.26316409598
99,30,0,12,5,15,"y",56,29,"y",43,0,1,1275.48661735746
99,30,0,12,5,16,"n",NA,NA,NA,NA,0,0,NA
99,30,0,12,5,17,"n",NA,NA,NA,NA,0,0,NA
99,30,0,12,5,18,"n",NA,NA,NA,16,0,0,NA
99,30,0,12,5,19,"y",58,58,"y",45,0,1,2642.07942166902
99,30,0,12,5,2,"y",68,60,"y",50,0,1,3204.42450666159
99,30,0,12,5,20,"y",53,16,"n",17,0,1,666.017642561036
99,30,0,12,5,21,"y",66,48,"y",50,0,1,2488.14138164312
99,30,0,12,5,22,"y",50,47,"n",39,0,1,1845.685683984
99,30,0,12,5,23,"y",NA,NA,NA,NA,0,1,NA
99,30,0,12,5,24,"n",NA,NA,NA,NA,0,0,NA
99,30,0,12,5,25,"y",46,40,"y",27,0,1,1445.1326206513
99,30,0,12,5,26,"y",61,37,"y",28,0,1,1772.64365478804
99,30,0,12,5,27,"n",NA,NA,NA,NA,0,0,NA
99,30,0,12,5,28,"n",NA,NA,NA,NA,0,0,NA
99,30,0,12,5,29,"y",73,59,"y",29,0,1,3382.70988975281
99,30,0,12,5,3,"n",NA,NA,NA,NA,0,0,NA
99,30,0,12,5,30,"y",58,12,"y",70,0,1,546.637121724624
99,30,0,12,5,31,"y",63,53,"y",22,0,1,2622.44446758408
99,30,0,12,5,32,"y",NA,NA,NA,26,0,1,NA
99,30,0,12,5,33,"n",NA,NA,NA,NA,0,0,NA
99,30,0,12,5,34,"n",NA,NA,NA,NA,0,0,NA
99,30,0,12,5,35,"y",53,44,"y",74,0,1,1831.54851704285
99,30,0,12,5,36,"n",NA,NA,NA,NA,0,0,NA
99,30,0,12,5,37,"y",66,66,"y",65,0,1,3421.19439975928
99,30,0,12,5,38,"n",NA,NA,NA,NA,0,0,NA
99,30,0,12,5,39,"n",NA,NA,NA,NA,0,0,NA
99,30,0,12,5,4,"n",NA,NA,NA,NA,0,0,NA
99,30,0,12,5,5,"n",NA,NA,NA,NA,0,0,NA
99,30,0,12,5,6,"n",NA,NA,NA,NA,0,0,NA
99,30,0,12,5,7,"n",NA,NA,NA,NA,0,0,NA
99,30,0,12,5,8,"n",40,24,"n",29,0,1,753.98223686155
99,30,0,12,5,9,"n",NA,NA,NA,NA,0,0,NA
